images/img_1.png	 
images/img_2.png	!
images/img_3.png	""""
images/img_4.png	#
images/img_5.png	$
images/img_6.png	%
images/img_7.png	&
images/img_8.png	'
images/img_9.png	(
images/img_10.png	)
images/img_11.png	*
images/img_12.png	+
images/img_13.png	,
images/img_14.png	-
images/img_15.png	.
images/img_16.png	/
images/img_17.png	0
images/img_18.png	1
images/img_19.png	2
images/img_20.png	3
images/img_21.png	4
images/img_22.png	5
images/img_23.png	6
images/img_24.png	7
images/img_25.png	8
images/img_26.png	9
images/img_27.png	:
images/img_28.png	;
images/img_29.png	<
images/img_30.png	=
images/img_31.png	>
images/img_32.png	?
images/img_33.png	@
images/img_34.png	A
images/img_35.png	B
images/img_36.png	C
images/img_37.png	D
images/img_38.png	E
images/img_39.png	F
images/img_40.png	G
images/img_41.png	H
images/img_42.png	I
images/img_43.png	J
images/img_44.png	K
images/img_45.png	L
images/img_46.png	M
images/img_47.png	N
images/img_48.png	O
images/img_49.png	P
images/img_50.png	Q
images/img_51.png	R
images/img_52.png	S
images/img_53.png	T
images/img_54.png	U
images/img_55.png	V
images/img_56.png	W
images/img_57.png	X
images/img_58.png	Y
images/img_59.png	Z
images/img_60.png	[
images/img_61.png	\
images/img_62.png	]
images/img_63.png	^
images/img_64.png	_
images/img_65.png	`
images/img_66.png	a
images/img_67.png	b
images/img_68.png	c
images/img_69.png	d
images/img_70.png	e
images/img_71.png	f
images/img_72.png	g
images/img_73.png	h
images/img_74.png	i
images/img_75.png	j
images/img_76.png	k
images/img_77.png	l
images/img_78.png	m
images/img_79.png	n
images/img_80.png	o
images/img_81.png	p
images/img_82.png	q
images/img_83.png	r
images/img_84.png	s
images/img_85.png	t
images/img_86.png	u
images/img_87.png	v
images/img_88.png	w
images/img_89.png	x
images/img_90.png	y
images/img_91.png	z
images/img_92.png	{
images/img_93.png	|
images/img_94.png	}
images/img_95.png	~
images/img_96.png	가
images/img_97.png	각
images/img_98.png	갂
images/img_99.png	갃
images/img_100.png	간
images/img_101.png	갅
images/img_102.png	갆
images/img_103.png	갇
images/img_104.png	갈
images/img_105.png	갉
images/img_106.png	갊
images/img_107.png	갋
images/img_108.png	갌
images/img_109.png	갍
images/img_110.png	갎
images/img_111.png	갏
images/img_112.png	감
images/img_113.png	갑
images/img_114.png	값
images/img_115.png	갓
images/img_116.png	갔
images/img_117.png	강
images/img_118.png	갖
images/img_119.png	갗
images/img_120.png	갘
images/img_121.png	같
images/img_122.png	갚
images/img_123.png	갛
images/img_124.png	개
images/img_125.png	객
images/img_126.png	갞
images/img_127.png	갟
images/img_128.png	갠
images/img_129.png	갡
images/img_130.png	갢
images/img_131.png	갣
images/img_132.png	갤
images/img_133.png	갥
images/img_134.png	갦
images/img_135.png	갧
images/img_136.png	갨
images/img_137.png	갩
images/img_138.png	갪
images/img_139.png	갫
images/img_140.png	갬
images/img_141.png	갭
images/img_142.png	갮
images/img_143.png	갯
images/img_144.png	갰
images/img_145.png	갱
images/img_146.png	갲
images/img_147.png	갳
images/img_148.png	갴
images/img_149.png	갵
images/img_150.png	갶
images/img_151.png	갷
images/img_152.png	갸
images/img_153.png	갹
images/img_154.png	갺
images/img_155.png	갻
images/img_156.png	갼
images/img_157.png	갽
images/img_158.png	갾
images/img_159.png	갿
images/img_160.png	걀
images/img_161.png	걁
images/img_162.png	걂
images/img_163.png	걃
images/img_164.png	걄
images/img_165.png	걅
images/img_166.png	걆
images/img_167.png	걇
images/img_168.png	걈
images/img_169.png	걉
images/img_170.png	걊
images/img_171.png	걋
images/img_172.png	걌
images/img_173.png	걍
images/img_174.png	걎
images/img_175.png	걏
images/img_176.png	걐
images/img_177.png	걑
images/img_178.png	걒
images/img_179.png	걓
images/img_180.png	걔
images/img_181.png	걕
images/img_182.png	걖
images/img_183.png	걗
images/img_184.png	걘
images/img_185.png	걙
images/img_186.png	걚
images/img_187.png	걛
images/img_188.png	걜
images/img_189.png	걝
images/img_190.png	걞
images/img_191.png	걟
images/img_192.png	걠
images/img_193.png	걡
images/img_194.png	걢
images/img_195.png	걣
images/img_196.png	걤
images/img_197.png	걥
images/img_198.png	걦
images/img_199.png	걧
images/img_200.png	걨
images/img_201.png	걩
images/img_202.png	걪
images/img_203.png	걫
images/img_204.png	걬
images/img_205.png	걭
images/img_206.png	걮
images/img_207.png	걯
images/img_208.png	거
images/img_209.png	걱
images/img_210.png	걲
images/img_211.png	걳
images/img_212.png	건
images/img_213.png	걵
images/img_214.png	걶
images/img_215.png	걷
images/img_216.png	걸
images/img_217.png	걹
images/img_218.png	걺
images/img_219.png	걻
images/img_220.png	걼
images/img_221.png	걽
images/img_222.png	걾
images/img_223.png	걿
images/img_224.png	검
images/img_225.png	겁
images/img_226.png	겂
images/img_227.png	것
images/img_228.png	겄
images/img_229.png	겅
images/img_230.png	겆
images/img_231.png	겇
images/img_232.png	겈
images/img_233.png	겉
images/img_234.png	겊
images/img_235.png	겋
images/img_236.png	게
images/img_237.png	겍
images/img_238.png	겎
images/img_239.png	겏
images/img_240.png	겐
images/img_241.png	겑
images/img_242.png	겒
images/img_243.png	겓
images/img_244.png	겔
images/img_245.png	겕
images/img_246.png	겖
images/img_247.png	겗
images/img_248.png	겘
images/img_249.png	겙
images/img_250.png	겚
images/img_251.png	겛
images/img_252.png	겜
images/img_253.png	겝
images/img_254.png	겞
images/img_255.png	겟
images/img_256.png	겠
images/img_257.png	겡
images/img_258.png	겢
images/img_259.png	겣
images/img_260.png	겤
images/img_261.png	겥
images/img_262.png	겦
images/img_263.png	겧
images/img_264.png	겨
images/img_265.png	격
images/img_266.png	겪
images/img_267.png	겫
images/img_268.png	견
images/img_269.png	겭
images/img_270.png	겮
images/img_271.png	겯
images/img_272.png	결
images/img_273.png	겱
images/img_274.png	겲
images/img_275.png	겳
images/img_276.png	겴
images/img_277.png	겵
images/img_278.png	겶
images/img_279.png	겷
images/img_280.png	겸
images/img_281.png	겹
images/img_282.png	겺
images/img_283.png	겻
images/img_284.png	겼
images/img_285.png	경
images/img_286.png	겾
images/img_287.png	겿
images/img_288.png	곀
images/img_289.png	곁
images/img_290.png	곂
images/img_291.png	곃
images/img_292.png	계
images/img_293.png	곅
images/img_294.png	곆
images/img_295.png	곇
images/img_296.png	곈
images/img_297.png	곉
images/img_298.png	곊
images/img_299.png	곋
images/img_300.png	곌
images/img_301.png	곍
images/img_302.png	곎
images/img_303.png	곏
images/img_304.png	곐
images/img_305.png	곑
images/img_306.png	곒
images/img_307.png	곓
images/img_308.png	곔
images/img_309.png	곕
images/img_310.png	곖
images/img_311.png	곗
images/img_312.png	곘
images/img_313.png	곙
images/img_314.png	곚
images/img_315.png	곛
images/img_316.png	곜
images/img_317.png	곝
images/img_318.png	곞
images/img_319.png	곟
images/img_320.png	고
images/img_321.png	곡
images/img_322.png	곢
images/img_323.png	곣
images/img_324.png	곤
images/img_325.png	곥
images/img_326.png	곦
images/img_327.png	곧
images/img_328.png	골
images/img_329.png	곩
images/img_330.png	곪
images/img_331.png	곫
images/img_332.png	곬
images/img_333.png	곭
images/img_334.png	곮
images/img_335.png	곯
images/img_336.png	곰
images/img_337.png	곱
images/img_338.png	곲
images/img_339.png	곳
images/img_340.png	곴
images/img_341.png	공
images/img_342.png	곶
images/img_343.png	곷
images/img_344.png	곸
images/img_345.png	곹
images/img_346.png	곺
images/img_347.png	곻
images/img_348.png	과
images/img_349.png	곽
images/img_350.png	곾
images/img_351.png	곿
images/img_352.png	관
images/img_353.png	괁
images/img_354.png	괂
images/img_355.png	괃
images/img_356.png	괄
images/img_357.png	괅
images/img_358.png	괆
images/img_359.png	괇
images/img_360.png	괈
images/img_361.png	괉
images/img_362.png	괊
images/img_363.png	괋
images/img_364.png	괌
images/img_365.png	괍
images/img_366.png	괎
images/img_367.png	괏
images/img_368.png	괐
images/img_369.png	광
images/img_370.png	괒
images/img_371.png	괓
images/img_372.png	괔
images/img_373.png	괕
images/img_374.png	괖
images/img_375.png	괗
images/img_376.png	괘
images/img_377.png	괙
images/img_378.png	괚
images/img_379.png	괛
images/img_380.png	괜
images/img_381.png	괝
images/img_382.png	괞
images/img_383.png	괟
images/img_384.png	괠
images/img_385.png	괡
images/img_386.png	괢
images/img_387.png	괣
images/img_388.png	괤
images/img_389.png	괥
images/img_390.png	괦
images/img_391.png	괧
images/img_392.png	괨
images/img_393.png	괩
images/img_394.png	괪
images/img_395.png	괫
images/img_396.png	괬
images/img_397.png	괭
images/img_398.png	괮
images/img_399.png	괯
images/img_400.png	괰
images/img_401.png	괱
images/img_402.png	괲
images/img_403.png	괳
images/img_404.png	괴
images/img_405.png	괵
images/img_406.png	괶
images/img_407.png	괷
images/img_408.png	괸
images/img_409.png	괹
images/img_410.png	괺
images/img_411.png	괻
images/img_412.png	괼
images/img_413.png	괽
images/img_414.png	괾
images/img_415.png	괿
images/img_416.png	굀
images/img_417.png	굁
images/img_418.png	굂
images/img_419.png	굃
images/img_420.png	굄
images/img_421.png	굅
images/img_422.png	굆
images/img_423.png	굇
images/img_424.png	굈
images/img_425.png	굉
images/img_426.png	굊
images/img_427.png	굋
images/img_428.png	굌
images/img_429.png	굍
images/img_430.png	굎
images/img_431.png	굏
images/img_432.png	교
images/img_433.png	굑
images/img_434.png	굒
images/img_435.png	굓
images/img_436.png	굔
images/img_437.png	굕
images/img_438.png	굖
images/img_439.png	굗
images/img_440.png	굘
images/img_441.png	굙
images/img_442.png	굚
images/img_443.png	굛
images/img_444.png	굜
images/img_445.png	굝
images/img_446.png	굞
images/img_447.png	굟
images/img_448.png	굠
images/img_449.png	굡
images/img_450.png	굢
images/img_451.png	굣
images/img_452.png	굤
images/img_453.png	굥
images/img_454.png	굦
images/img_455.png	굧
images/img_456.png	굨
images/img_457.png	굩
images/img_458.png	굪
images/img_459.png	굫
images/img_460.png	구
images/img_461.png	국
images/img_462.png	굮
images/img_463.png	굯
images/img_464.png	군
images/img_465.png	굱
images/img_466.png	굲
images/img_467.png	굳
images/img_468.png	굴
images/img_469.png	굵
images/img_470.png	굶
images/img_471.png	굷
images/img_472.png	굸
images/img_473.png	굹
images/img_474.png	굺
images/img_475.png	굻
images/img_476.png	굼
images/img_477.png	굽
images/img_478.png	굾
images/img_479.png	굿
images/img_480.png	궀
images/img_481.png	궁
images/img_482.png	궂
images/img_483.png	궃
images/img_484.png	궄
images/img_485.png	궅
images/img_486.png	궆
images/img_487.png	궇
images/img_488.png	궈
images/img_489.png	궉
images/img_490.png	궊
images/img_491.png	궋
images/img_492.png	권
images/img_493.png	궍
images/img_494.png	궎
images/img_495.png	궏
images/img_496.png	궐
images/img_497.png	궑
images/img_498.png	궒
images/img_499.png	궓
images/img_500.png	궔
images/img_501.png	궕
images/img_502.png	궖
images/img_503.png	궗
images/img_504.png	궘
images/img_505.png	궙
images/img_506.png	궚
images/img_507.png	궛
images/img_508.png	궜
images/img_509.png	궝
images/img_510.png	궞
images/img_511.png	궟
images/img_512.png	궠
images/img_513.png	궡
images/img_514.png	궢
images/img_515.png	궣
images/img_516.png	궤
images/img_517.png	궥
images/img_518.png	궦
images/img_519.png	궧
images/img_520.png	궨
images/img_521.png	궩
images/img_522.png	궪
images/img_523.png	궫
images/img_524.png	궬
images/img_525.png	궭
images/img_526.png	궮
images/img_527.png	궯
images/img_528.png	궰
images/img_529.png	궱
images/img_530.png	궲
images/img_531.png	궳
images/img_532.png	궴
images/img_533.png	궵
images/img_534.png	궶
images/img_535.png	궷
images/img_536.png	궸
images/img_537.png	궹
images/img_538.png	궺
images/img_539.png	궻
images/img_540.png	궼
images/img_541.png	궽
images/img_542.png	궾
images/img_543.png	궿
images/img_544.png	귀
images/img_545.png	귁
images/img_546.png	귂
images/img_547.png	귃
images/img_548.png	귄
images/img_549.png	귅
images/img_550.png	귆
images/img_551.png	귇
images/img_552.png	귈
images/img_553.png	귉
images/img_554.png	귊
images/img_555.png	귋
images/img_556.png	귌
images/img_557.png	귍
images/img_558.png	귎
images/img_559.png	귏
images/img_560.png	귐
images/img_561.png	귑
images/img_562.png	귒
images/img_563.png	귓
images/img_564.png	귔
images/img_565.png	귕
images/img_566.png	귖
images/img_567.png	귗
images/img_568.png	귘
images/img_569.png	귙
images/img_570.png	귚
images/img_571.png	귛
images/img_572.png	규
images/img_573.png	귝
images/img_574.png	귞
images/img_575.png	귟
images/img_576.png	균
images/img_577.png	귡
images/img_578.png	귢
images/img_579.png	귣
images/img_580.png	귤
images/img_581.png	귥
images/img_582.png	귦
images/img_583.png	귧
images/img_584.png	귨
images/img_585.png	귩
images/img_586.png	귪
images/img_587.png	귫
images/img_588.png	귬
images/img_589.png	귭
images/img_590.png	귮
images/img_591.png	귯
images/img_592.png	귰
images/img_593.png	귱
images/img_594.png	귲
images/img_595.png	귳
images/img_596.png	귴
images/img_597.png	귵
images/img_598.png	귶
images/img_599.png	귷
images/img_600.png	그
images/img_601.png	극
images/img_602.png	귺
images/img_603.png	귻
images/img_604.png	근
images/img_605.png	귽
images/img_606.png	귾
images/img_607.png	귿
images/img_608.png	글
images/img_609.png	긁
images/img_610.png	긂
images/img_611.png	긃
images/img_612.png	긄
images/img_613.png	긅
images/img_614.png	긆
images/img_615.png	긇
images/img_616.png	금
images/img_617.png	급
images/img_618.png	긊
images/img_619.png	긋
images/img_620.png	긌
images/img_621.png	긍
images/img_622.png	긎
images/img_623.png	긏
images/img_624.png	긐
images/img_625.png	긑
images/img_626.png	긒
images/img_627.png	긓
images/img_628.png	긔
images/img_629.png	긕
images/img_630.png	긖
images/img_631.png	긗
images/img_632.png	긘
images/img_633.png	긙
images/img_634.png	긚
images/img_635.png	긛
images/img_636.png	긜
images/img_637.png	긝
images/img_638.png	긞
images/img_639.png	긟
images/img_640.png	긠
images/img_641.png	긡
images/img_642.png	긢
images/img_643.png	긣
images/img_644.png	긤
images/img_645.png	긥
images/img_646.png	긦
images/img_647.png	긧
images/img_648.png	긨
images/img_649.png	긩
images/img_650.png	긪
images/img_651.png	긫
images/img_652.png	긬
images/img_653.png	긭
images/img_654.png	긮
images/img_655.png	긯
images/img_656.png	기
images/img_657.png	긱
images/img_658.png	긲
images/img_659.png	긳
images/img_660.png	긴
images/img_661.png	긵
images/img_662.png	긶
images/img_663.png	긷
images/img_664.png	길
images/img_665.png	긹
images/img_666.png	긺
images/img_667.png	긻
images/img_668.png	긼
images/img_669.png	긽
images/img_670.png	긾
images/img_671.png	긿
images/img_672.png	김
images/img_673.png	깁
images/img_674.png	깂
images/img_675.png	깃
images/img_676.png	깄
images/img_677.png	깅
images/img_678.png	깆
images/img_679.png	깇
images/img_680.png	깈
images/img_681.png	깉
images/img_682.png	깊
images/img_683.png	깋
images/img_684.png	까
images/img_685.png	깍
images/img_686.png	깎
images/img_687.png	깏
images/img_688.png	깐
images/img_689.png	깑
images/img_690.png	깒
images/img_691.png	깓
images/img_692.png	깔
images/img_693.png	깕
images/img_694.png	깖
images/img_695.png	깗
images/img_696.png	깘
images/img_697.png	깙
images/img_698.png	깚
images/img_699.png	깛
images/img_700.png	깜
images/img_701.png	깝
images/img_702.png	깞
images/img_703.png	깟
images/img_704.png	깠
images/img_705.png	깡
images/img_706.png	깢
images/img_707.png	깣
images/img_708.png	깤
images/img_709.png	깥
images/img_710.png	깦
images/img_711.png	깧
images/img_712.png	깨
images/img_713.png	깩
images/img_714.png	깪
images/img_715.png	깫
images/img_716.png	깬
images/img_717.png	깭
images/img_718.png	깮
images/img_719.png	깯
images/img_720.png	깰
images/img_721.png	깱
images/img_722.png	깲
images/img_723.png	깳
images/img_724.png	깴
images/img_725.png	깵
images/img_726.png	깶
images/img_727.png	깷
images/img_728.png	깸
images/img_729.png	깹
images/img_730.png	깺
images/img_731.png	깻
images/img_732.png	깼
images/img_733.png	깽
images/img_734.png	깾
images/img_735.png	깿
images/img_736.png	꺀
images/img_737.png	꺁
images/img_738.png	꺂
images/img_739.png	꺃
images/img_740.png	꺄
images/img_741.png	꺅
images/img_742.png	꺆
images/img_743.png	꺇
images/img_744.png	꺈
images/img_745.png	꺉
images/img_746.png	꺊
images/img_747.png	꺋
images/img_748.png	꺌
images/img_749.png	꺍
images/img_750.png	꺎
images/img_751.png	꺏
images/img_752.png	꺐
images/img_753.png	꺑
images/img_754.png	꺒
images/img_755.png	꺓
images/img_756.png	꺔
images/img_757.png	꺕
images/img_758.png	꺖
images/img_759.png	꺗
images/img_760.png	꺘
images/img_761.png	꺙
images/img_762.png	꺚
images/img_763.png	꺛
images/img_764.png	꺜
images/img_765.png	꺝
images/img_766.png	꺞
images/img_767.png	꺟
images/img_768.png	꺠
images/img_769.png	꺡
images/img_770.png	꺢
images/img_771.png	꺣
images/img_772.png	꺤
images/img_773.png	꺥
images/img_774.png	꺦
images/img_775.png	꺧
images/img_776.png	꺨
images/img_777.png	꺩
images/img_778.png	꺪
images/img_779.png	꺫
images/img_780.png	꺬
images/img_781.png	꺭
images/img_782.png	꺮
images/img_783.png	꺯
images/img_784.png	꺰
images/img_785.png	꺱
images/img_786.png	꺲
images/img_787.png	꺳
images/img_788.png	꺴
images/img_789.png	꺵
images/img_790.png	꺶
images/img_791.png	꺷
images/img_792.png	꺸
images/img_793.png	꺹
images/img_794.png	꺺
images/img_795.png	꺻
images/img_796.png	꺼
images/img_797.png	꺽
images/img_798.png	꺾
images/img_799.png	꺿
images/img_800.png	껀
images/img_801.png	껁
images/img_802.png	껂
images/img_803.png	껃
images/img_804.png	껄
images/img_805.png	껅
images/img_806.png	껆
images/img_807.png	껇
images/img_808.png	껈
images/img_809.png	껉
images/img_810.png	껊
images/img_811.png	껋
images/img_812.png	껌
images/img_813.png	껍
images/img_814.png	껎
images/img_815.png	껏
images/img_816.png	껐
images/img_817.png	껑
images/img_818.png	껒
images/img_819.png	껓
images/img_820.png	껔
images/img_821.png	껕
images/img_822.png	껖
images/img_823.png	껗
images/img_824.png	께
images/img_825.png	껙
images/img_826.png	껚
images/img_827.png	껛
images/img_828.png	껜
images/img_829.png	껝
images/img_830.png	껞
images/img_831.png	껟
images/img_832.png	껠
images/img_833.png	껡
images/img_834.png	껢
images/img_835.png	껣
images/img_836.png	껤
images/img_837.png	껥
images/img_838.png	껦
images/img_839.png	껧
images/img_840.png	껨
images/img_841.png	껩
images/img_842.png	껪
images/img_843.png	껫
images/img_844.png	껬
images/img_845.png	껭
images/img_846.png	껮
images/img_847.png	껯
images/img_848.png	껰
images/img_849.png	껱
images/img_850.png	껲
images/img_851.png	껳
images/img_852.png	껴
images/img_853.png	껵
images/img_854.png	껶
images/img_855.png	껷
images/img_856.png	껸
images/img_857.png	껹
images/img_858.png	껺
images/img_859.png	껻
images/img_860.png	껼
images/img_861.png	껽
images/img_862.png	껾
images/img_863.png	껿
images/img_864.png	꼀
images/img_865.png	꼁
images/img_866.png	꼂
images/img_867.png	꼃
images/img_868.png	꼄
images/img_869.png	꼅
images/img_870.png	꼆
images/img_871.png	꼇
images/img_872.png	꼈
images/img_873.png	꼉
images/img_874.png	꼊
images/img_875.png	꼋
images/img_876.png	꼌
images/img_877.png	꼍
images/img_878.png	꼎
images/img_879.png	꼏
images/img_880.png	꼐
images/img_881.png	꼑
images/img_882.png	꼒
images/img_883.png	꼓
images/img_884.png	꼔
images/img_885.png	꼕
images/img_886.png	꼖
images/img_887.png	꼗
images/img_888.png	꼘
images/img_889.png	꼙
images/img_890.png	꼚
images/img_891.png	꼛
images/img_892.png	꼜
images/img_893.png	꼝
images/img_894.png	꼞
images/img_895.png	꼟
images/img_896.png	꼠
images/img_897.png	꼡
images/img_898.png	꼢
images/img_899.png	꼣
images/img_900.png	꼤
images/img_901.png	꼥
images/img_902.png	꼦
images/img_903.png	꼧
images/img_904.png	꼨
images/img_905.png	꼩
images/img_906.png	꼪
images/img_907.png	꼫
images/img_908.png	꼬
images/img_909.png	꼭
images/img_910.png	꼮
images/img_911.png	꼯
images/img_912.png	꼰
images/img_913.png	꼱
images/img_914.png	꼲
images/img_915.png	꼳
images/img_916.png	꼴
images/img_917.png	꼵
images/img_918.png	꼶
images/img_919.png	꼷
images/img_920.png	꼸
images/img_921.png	꼹
images/img_922.png	꼺
images/img_923.png	꼻
images/img_924.png	꼼
images/img_925.png	꼽
images/img_926.png	꼾
images/img_927.png	꼿
images/img_928.png	꽀
images/img_929.png	꽁
images/img_930.png	꽂
images/img_931.png	꽃
images/img_932.png	꽄
images/img_933.png	꽅
images/img_934.png	꽆
images/img_935.png	꽇
images/img_936.png	꽈
images/img_937.png	꽉
images/img_938.png	꽊
images/img_939.png	꽋
images/img_940.png	꽌
images/img_941.png	꽍
images/img_942.png	꽎
images/img_943.png	꽏
images/img_944.png	꽐
images/img_945.png	꽑
images/img_946.png	꽒
images/img_947.png	꽓
images/img_948.png	꽔
images/img_949.png	꽕
images/img_950.png	꽖
images/img_951.png	꽗
images/img_952.png	꽘
images/img_953.png	꽙
images/img_954.png	꽚
images/img_955.png	꽛
images/img_956.png	꽜
images/img_957.png	꽝
images/img_958.png	꽞
images/img_959.png	꽟
images/img_960.png	꽠
images/img_961.png	꽡
images/img_962.png	꽢
images/img_963.png	꽣
images/img_964.png	꽤
images/img_965.png	꽥
images/img_966.png	꽦
images/img_967.png	꽧
images/img_968.png	꽨
images/img_969.png	꽩
images/img_970.png	꽪
images/img_971.png	꽫
images/img_972.png	꽬
images/img_973.png	꽭
images/img_974.png	꽮
images/img_975.png	꽯
images/img_976.png	꽰
images/img_977.png	꽱
images/img_978.png	꽲
images/img_979.png	꽳
images/img_980.png	꽴
images/img_981.png	꽵
images/img_982.png	꽶
images/img_983.png	꽷
images/img_984.png	꽸
images/img_985.png	꽹
images/img_986.png	꽺
images/img_987.png	꽻
images/img_988.png	꽼
images/img_989.png	꽽
images/img_990.png	꽾
images/img_991.png	꽿
images/img_992.png	꾀
images/img_993.png	꾁
images/img_994.png	꾂
images/img_995.png	꾃
images/img_996.png	꾄
images/img_997.png	꾅
images/img_998.png	꾆
images/img_999.png	꾇
images/img_1000.png	꾈
images/img_1001.png	꾉
images/img_1002.png	꾊
images/img_1003.png	꾋
images/img_1004.png	꾌
images/img_1005.png	꾍
images/img_1006.png	꾎
images/img_1007.png	꾏
images/img_1008.png	꾐
images/img_1009.png	꾑
images/img_1010.png	꾒
images/img_1011.png	꾓
images/img_1012.png	꾔
images/img_1013.png	꾕
images/img_1014.png	꾖
images/img_1015.png	꾗
images/img_1016.png	꾘
images/img_1017.png	꾙
images/img_1018.png	꾚
images/img_1019.png	꾛
images/img_1020.png	꾜
images/img_1021.png	꾝
images/img_1022.png	꾞
images/img_1023.png	꾟
images/img_1024.png	꾠
images/img_1025.png	꾡
images/img_1026.png	꾢
images/img_1027.png	꾣
images/img_1028.png	꾤
images/img_1029.png	꾥
images/img_1030.png	꾦
images/img_1031.png	꾧
images/img_1032.png	꾨
images/img_1033.png	꾩
images/img_1034.png	꾪
images/img_1035.png	꾫
images/img_1036.png	꾬
images/img_1037.png	꾭
images/img_1038.png	꾮
images/img_1039.png	꾯
images/img_1040.png	꾰
images/img_1041.png	꾱
images/img_1042.png	꾲
images/img_1043.png	꾳
images/img_1044.png	꾴
images/img_1045.png	꾵
images/img_1046.png	꾶
images/img_1047.png	꾷
images/img_1048.png	꾸
images/img_1049.png	꾹
images/img_1050.png	꾺
images/img_1051.png	꾻
images/img_1052.png	꾼
images/img_1053.png	꾽
images/img_1054.png	꾾
images/img_1055.png	꾿
images/img_1056.png	꿀
images/img_1057.png	꿁
images/img_1058.png	꿂
images/img_1059.png	꿃
images/img_1060.png	꿄
images/img_1061.png	꿅
images/img_1062.png	꿆
images/img_1063.png	꿇
images/img_1064.png	꿈
images/img_1065.png	꿉
images/img_1066.png	꿊
images/img_1067.png	꿋
images/img_1068.png	꿌
images/img_1069.png	꿍
images/img_1070.png	꿎
images/img_1071.png	꿏
images/img_1072.png	꿐
images/img_1073.png	꿑
images/img_1074.png	꿒
images/img_1075.png	꿓
images/img_1076.png	꿔
images/img_1077.png	꿕
images/img_1078.png	꿖
images/img_1079.png	꿗
images/img_1080.png	꿘
images/img_1081.png	꿙
images/img_1082.png	꿚
images/img_1083.png	꿛
images/img_1084.png	꿜
images/img_1085.png	꿝
images/img_1086.png	꿞
images/img_1087.png	꿟
images/img_1088.png	꿠
images/img_1089.png	꿡
images/img_1090.png	꿢
images/img_1091.png	꿣
images/img_1092.png	꿤
images/img_1093.png	꿥
images/img_1094.png	꿦
images/img_1095.png	꿧
images/img_1096.png	꿨
images/img_1097.png	꿩
images/img_1098.png	꿪
images/img_1099.png	꿫
images/img_1100.png	꿬
images/img_1101.png	꿭
images/img_1102.png	꿮
images/img_1103.png	꿯
images/img_1104.png	꿰
images/img_1105.png	꿱
images/img_1106.png	꿲
images/img_1107.png	꿳
images/img_1108.png	꿴
images/img_1109.png	꿵
images/img_1110.png	꿶
images/img_1111.png	꿷
images/img_1112.png	꿸
images/img_1113.png	꿹
images/img_1114.png	꿺
images/img_1115.png	꿻
images/img_1116.png	꿼
images/img_1117.png	꿽
images/img_1118.png	꿾
images/img_1119.png	꿿
images/img_1120.png	뀀
images/img_1121.png	뀁
images/img_1122.png	뀂
images/img_1123.png	뀃
images/img_1124.png	뀄
images/img_1125.png	뀅
images/img_1126.png	뀆
images/img_1127.png	뀇
images/img_1128.png	뀈
images/img_1129.png	뀉
images/img_1130.png	뀊
images/img_1131.png	뀋
images/img_1132.png	뀌
images/img_1133.png	뀍
images/img_1134.png	뀎
images/img_1135.png	뀏
images/img_1136.png	뀐
images/img_1137.png	뀑
images/img_1138.png	뀒
images/img_1139.png	뀓
images/img_1140.png	뀔
images/img_1141.png	뀕
images/img_1142.png	뀖
images/img_1143.png	뀗
images/img_1144.png	뀘
images/img_1145.png	뀙
images/img_1146.png	뀚
images/img_1147.png	뀛
images/img_1148.png	뀜
images/img_1149.png	뀝
images/img_1150.png	뀞
images/img_1151.png	뀟
images/img_1152.png	뀠
images/img_1153.png	뀡
images/img_1154.png	뀢
images/img_1155.png	뀣
images/img_1156.png	뀤
images/img_1157.png	뀥
images/img_1158.png	뀦
images/img_1159.png	뀧
images/img_1160.png	뀨
images/img_1161.png	뀩
images/img_1162.png	뀪
images/img_1163.png	뀫
images/img_1164.png	뀬
images/img_1165.png	뀭
images/img_1166.png	뀮
images/img_1167.png	뀯
images/img_1168.png	뀰
images/img_1169.png	뀱
images/img_1170.png	뀲
images/img_1171.png	뀳
images/img_1172.png	뀴
images/img_1173.png	뀵
images/img_1174.png	뀶
images/img_1175.png	뀷
images/img_1176.png	뀸
images/img_1177.png	뀹
images/img_1178.png	뀺
images/img_1179.png	뀻
images/img_1180.png	뀼
images/img_1181.png	뀽
images/img_1182.png	뀾
images/img_1183.png	뀿
images/img_1184.png	끀
images/img_1185.png	끁
images/img_1186.png	끂
images/img_1187.png	끃
images/img_1188.png	끄
images/img_1189.png	끅
images/img_1190.png	끆
images/img_1191.png	끇
images/img_1192.png	끈
images/img_1193.png	끉
images/img_1194.png	끊
images/img_1195.png	끋
images/img_1196.png	끌
images/img_1197.png	끍
images/img_1198.png	끎
images/img_1199.png	끏
images/img_1200.png	끐
images/img_1201.png	끑
images/img_1202.png	끒
images/img_1203.png	끓
images/img_1204.png	끔
images/img_1205.png	끕
images/img_1206.png	끖
images/img_1207.png	끗
images/img_1208.png	끘
images/img_1209.png	끙
images/img_1210.png	끚
images/img_1211.png	끛
images/img_1212.png	끜
images/img_1213.png	끝
images/img_1214.png	끞
images/img_1215.png	끟
images/img_1216.png	끠
images/img_1217.png	끡
images/img_1218.png	끢
images/img_1219.png	끣
images/img_1220.png	끤
images/img_1221.png	끥
images/img_1222.png	끦
images/img_1223.png	끧
images/img_1224.png	끨
images/img_1225.png	끩
images/img_1226.png	끪
images/img_1227.png	끫
images/img_1228.png	끬
images/img_1229.png	끭
images/img_1230.png	끮
images/img_1231.png	끯
images/img_1232.png	끰
images/img_1233.png	끱
images/img_1234.png	끲
images/img_1235.png	끳
images/img_1236.png	끴
images/img_1237.png	끵
images/img_1238.png	끶
images/img_1239.png	끷
images/img_1240.png	끸
images/img_1241.png	끹
images/img_1242.png	끺
images/img_1243.png	끻
images/img_1244.png	끼
images/img_1245.png	끽
images/img_1246.png	끾
images/img_1247.png	끿
images/img_1248.png	낀
images/img_1249.png	낁
images/img_1250.png	낂
images/img_1251.png	낃
images/img_1252.png	낄
images/img_1253.png	낅
images/img_1254.png	낆
images/img_1255.png	낇
images/img_1256.png	낈
images/img_1257.png	낉
images/img_1258.png	낊
images/img_1259.png	낋
images/img_1260.png	낌
images/img_1261.png	낍
images/img_1262.png	낎
images/img_1263.png	낏
images/img_1264.png	낐
images/img_1265.png	낑
images/img_1266.png	낒
images/img_1267.png	낓
images/img_1268.png	낔
images/img_1269.png	낕
images/img_1270.png	낖
images/img_1271.png	낗
images/img_1272.png	나
images/img_1273.png	낙
images/img_1274.png	낚
images/img_1275.png	낛
images/img_1276.png	난
images/img_1277.png	낝
images/img_1278.png	낞
images/img_1279.png	낟
images/img_1280.png	날
images/img_1281.png	낡
images/img_1282.png	낢
images/img_1283.png	낣
images/img_1284.png	낤
images/img_1285.png	낥
images/img_1286.png	낦
images/img_1287.png	낧
images/img_1288.png	남
images/img_1289.png	납
images/img_1290.png	낪
images/img_1291.png	낫
images/img_1292.png	났
images/img_1293.png	낭
images/img_1294.png	낮
images/img_1295.png	낯
images/img_1296.png	낰
images/img_1297.png	낱
images/img_1298.png	낲
images/img_1299.png	낳
images/img_1300.png	내
images/img_1301.png	낵
images/img_1302.png	낶
images/img_1303.png	낷
images/img_1304.png	낸
images/img_1305.png	낹
images/img_1306.png	낺
images/img_1307.png	낻
images/img_1308.png	낼
images/img_1309.png	낽
images/img_1310.png	낾
images/img_1311.png	낿
images/img_1312.png	냀
images/img_1313.png	냁
images/img_1314.png	냂
images/img_1315.png	냃
images/img_1316.png	냄
images/img_1317.png	냅
images/img_1318.png	냆
images/img_1319.png	냇
images/img_1320.png	냈
images/img_1321.png	냉
images/img_1322.png	냊
images/img_1323.png	냋
images/img_1324.png	냌
images/img_1325.png	냍
images/img_1326.png	냎
images/img_1327.png	냏
images/img_1328.png	냐
images/img_1329.png	냑
images/img_1330.png	냒
images/img_1331.png	냓
images/img_1332.png	냔
images/img_1333.png	냕
images/img_1334.png	냖
images/img_1335.png	냗
images/img_1336.png	냘
images/img_1337.png	냙
images/img_1338.png	냚
images/img_1339.png	냛
images/img_1340.png	냜
images/img_1341.png	냝
images/img_1342.png	냞
images/img_1343.png	냟
images/img_1344.png	냠
images/img_1345.png	냡
images/img_1346.png	냢
images/img_1347.png	냣
images/img_1348.png	냤
images/img_1349.png	냥
images/img_1350.png	냦
images/img_1351.png	냧
images/img_1352.png	냨
images/img_1353.png	냩
images/img_1354.png	냪
images/img_1355.png	냫
images/img_1356.png	냬
images/img_1357.png	냭
images/img_1358.png	냮
images/img_1359.png	냯
images/img_1360.png	냰
images/img_1361.png	냱
images/img_1362.png	냲
images/img_1363.png	냳
images/img_1364.png	냴
images/img_1365.png	냵
images/img_1366.png	냶
images/img_1367.png	냷
images/img_1368.png	냸
images/img_1369.png	냹
images/img_1370.png	냺
images/img_1371.png	냻
images/img_1372.png	냼
images/img_1373.png	냽
images/img_1374.png	냾
images/img_1375.png	냿
images/img_1376.png	넀
images/img_1377.png	넁
images/img_1378.png	넂
images/img_1379.png	넃
images/img_1380.png	넄
images/img_1381.png	넅
images/img_1382.png	넆
images/img_1383.png	넇
images/img_1384.png	너
images/img_1385.png	넉
images/img_1386.png	넊
images/img_1387.png	넋
images/img_1388.png	넌
images/img_1389.png	넍
images/img_1390.png	넎
images/img_1391.png	넏
images/img_1392.png	널
images/img_1393.png	넑
images/img_1394.png	넒
images/img_1395.png	넓
images/img_1396.png	넔
images/img_1397.png	넕
images/img_1398.png	넖
images/img_1399.png	넗
images/img_1400.png	넘
images/img_1401.png	넙
images/img_1402.png	넚
images/img_1403.png	넛
images/img_1404.png	넜
images/img_1405.png	넝
images/img_1406.png	넞
images/img_1407.png	넟
images/img_1408.png	넠
images/img_1409.png	넡
images/img_1410.png	넢
images/img_1411.png	넣
images/img_1412.png	네
images/img_1413.png	넥
images/img_1414.png	넦
images/img_1415.png	넧
images/img_1416.png	넨
images/img_1417.png	넩
images/img_1418.png	넪
images/img_1419.png	넫
images/img_1420.png	넬
images/img_1421.png	넭
images/img_1422.png	넮
images/img_1423.png	넯
images/img_1424.png	넰
images/img_1425.png	넱
images/img_1426.png	넲
images/img_1427.png	넳
images/img_1428.png	넴
images/img_1429.png	넵
images/img_1430.png	넶
images/img_1431.png	넷
images/img_1432.png	넸
images/img_1433.png	넹
images/img_1434.png	넺
images/img_1435.png	넻
images/img_1436.png	넼
images/img_1437.png	넽
images/img_1438.png	넾
images/img_1439.png	넿
images/img_1440.png	녀
images/img_1441.png	녁
images/img_1442.png	녂
images/img_1443.png	녃
images/img_1444.png	년
images/img_1445.png	녅
images/img_1446.png	녆
images/img_1447.png	녇
images/img_1448.png	녈
images/img_1449.png	녉
images/img_1450.png	녊
images/img_1451.png	녋
images/img_1452.png	녌
images/img_1453.png	녍
images/img_1454.png	녎
images/img_1455.png	녏
images/img_1456.png	념
images/img_1457.png	녑
images/img_1458.png	녒
images/img_1459.png	녓
images/img_1460.png	녔
images/img_1461.png	녕
images/img_1462.png	녖
images/img_1463.png	녗
images/img_1464.png	녘
images/img_1465.png	녙
images/img_1466.png	녚
images/img_1467.png	녛
images/img_1468.png	녜
images/img_1469.png	녝
images/img_1470.png	녞
images/img_1471.png	녟
images/img_1472.png	녠
images/img_1473.png	녡
images/img_1474.png	녢
images/img_1475.png	녣
images/img_1476.png	녤
images/img_1477.png	녥
images/img_1478.png	녦
images/img_1479.png	녧
images/img_1480.png	녨
images/img_1481.png	녩
images/img_1482.png	녪
images/img_1483.png	녫
images/img_1484.png	녬
images/img_1485.png	녭
images/img_1486.png	녮
images/img_1487.png	녯
images/img_1488.png	녰
images/img_1489.png	녱
images/img_1490.png	녲
images/img_1491.png	녳
images/img_1492.png	녴
images/img_1493.png	녵
images/img_1494.png	녶
images/img_1495.png	녷
images/img_1496.png	노
images/img_1497.png	녹
images/img_1498.png	녺
images/img_1499.png	녻
images/img_1500.png	논
images/img_1501.png	녽
images/img_1502.png	녾
images/img_1503.png	녿
images/img_1504.png	놀
images/img_1505.png	놁
images/img_1506.png	놂
images/img_1507.png	놃
images/img_1508.png	놄
images/img_1509.png	놅
images/img_1510.png	놆
images/img_1511.png	놇
images/img_1512.png	놈
images/img_1513.png	놉
images/img_1514.png	놊
images/img_1515.png	놋
images/img_1516.png	놌
images/img_1517.png	농
images/img_1518.png	놎
images/img_1519.png	놏
images/img_1520.png	놐
images/img_1521.png	놑
images/img_1522.png	높
images/img_1523.png	놓
images/img_1524.png	놔
images/img_1525.png	놕
images/img_1526.png	놖
images/img_1527.png	놗
images/img_1528.png	놘
images/img_1529.png	놙
images/img_1530.png	놚
images/img_1531.png	놛
images/img_1532.png	놜
images/img_1533.png	놝
images/img_1534.png	놞
images/img_1535.png	놟
images/img_1536.png	놠
images/img_1537.png	놡
images/img_1538.png	놢
images/img_1539.png	놣
images/img_1540.png	놤
images/img_1541.png	놥
images/img_1542.png	놦
images/img_1543.png	놧
images/img_1544.png	놨
images/img_1545.png	놩
images/img_1546.png	놪
images/img_1547.png	놫
images/img_1548.png	놬
images/img_1549.png	놭
images/img_1550.png	놮
images/img_1551.png	놯
images/img_1552.png	놰
images/img_1553.png	놱
images/img_1554.png	놲
images/img_1555.png	놳
images/img_1556.png	놴
images/img_1557.png	놵
images/img_1558.png	놶
images/img_1559.png	놷
images/img_1560.png	놸
images/img_1561.png	놹
images/img_1562.png	놺
images/img_1563.png	놻
images/img_1564.png	놼
images/img_1565.png	놽
images/img_1566.png	놾
images/img_1567.png	놿
images/img_1568.png	뇀
images/img_1569.png	뇁
images/img_1570.png	뇂
images/img_1571.png	뇃
images/img_1572.png	뇄
images/img_1573.png	뇅
images/img_1574.png	뇆
images/img_1575.png	뇇
images/img_1576.png	뇈
images/img_1577.png	뇉
images/img_1578.png	뇊
images/img_1579.png	뇋
images/img_1580.png	뇌
images/img_1581.png	뇍
images/img_1582.png	뇎
images/img_1583.png	뇏
images/img_1584.png	뇐
images/img_1585.png	뇑
images/img_1586.png	뇒
images/img_1587.png	뇓
images/img_1588.png	뇔
images/img_1589.png	뇕
images/img_1590.png	뇖
images/img_1591.png	뇗
images/img_1592.png	뇘
images/img_1593.png	뇙
images/img_1594.png	뇚
images/img_1595.png	뇛
images/img_1596.png	뇜
images/img_1597.png	뇝
images/img_1598.png	뇞
images/img_1599.png	뇟
images/img_1600.png	뇠
images/img_1601.png	뇡
images/img_1602.png	뇢
images/img_1603.png	뇣
images/img_1604.png	뇤
images/img_1605.png	뇥
images/img_1606.png	뇦
images/img_1607.png	뇧
images/img_1608.png	뇨
images/img_1609.png	뇩
images/img_1610.png	뇪
images/img_1611.png	뇫
images/img_1612.png	뇬
images/img_1613.png	뇭
images/img_1614.png	뇮
images/img_1615.png	뇯
images/img_1616.png	뇰
images/img_1617.png	뇱
images/img_1618.png	뇲
images/img_1619.png	뇳
images/img_1620.png	뇴
images/img_1621.png	뇵
images/img_1622.png	뇶
images/img_1623.png	뇷
images/img_1624.png	뇸
images/img_1625.png	뇹
images/img_1626.png	뇺
images/img_1627.png	뇻
images/img_1628.png	뇼
images/img_1629.png	뇽
images/img_1630.png	뇾
images/img_1631.png	뇿
images/img_1632.png	눀
images/img_1633.png	눁
images/img_1634.png	눂
images/img_1635.png	눃
images/img_1636.png	누
images/img_1637.png	눅
images/img_1638.png	눆
images/img_1639.png	눇
images/img_1640.png	눈
images/img_1641.png	눉
images/img_1642.png	눊
images/img_1643.png	눋
images/img_1644.png	눌
images/img_1645.png	눍
images/img_1646.png	눎
images/img_1647.png	눏
images/img_1648.png	눐
images/img_1649.png	눑
images/img_1650.png	눒
images/img_1651.png	눓
images/img_1652.png	눔
images/img_1653.png	눕
images/img_1654.png	눖
images/img_1655.png	눗
images/img_1656.png	눘
images/img_1657.png	눙
images/img_1658.png	눚
images/img_1659.png	눛
images/img_1660.png	눜
images/img_1661.png	눝
images/img_1662.png	눞
images/img_1663.png	눟
images/img_1664.png	눠
images/img_1665.png	눡
images/img_1666.png	눢
images/img_1667.png	눣
images/img_1668.png	눤
images/img_1669.png	눥
images/img_1670.png	눦
images/img_1671.png	눧
images/img_1672.png	눨
images/img_1673.png	눩
images/img_1674.png	눪
images/img_1675.png	눫
images/img_1676.png	눬
images/img_1677.png	눭
images/img_1678.png	눮
images/img_1679.png	눯
images/img_1680.png	눰
images/img_1681.png	눱
images/img_1682.png	눲
images/img_1683.png	눳
images/img_1684.png	눴
images/img_1685.png	눵
images/img_1686.png	눶
images/img_1687.png	눷
images/img_1688.png	눸
images/img_1689.png	눹
images/img_1690.png	눺
images/img_1691.png	눻
images/img_1692.png	눼
images/img_1693.png	눽
images/img_1694.png	눾
images/img_1695.png	눿
images/img_1696.png	뉀
images/img_1697.png	뉁
images/img_1698.png	뉂
images/img_1699.png	뉃
images/img_1700.png	뉄
images/img_1701.png	뉅
images/img_1702.png	뉆
images/img_1703.png	뉇
images/img_1704.png	뉈
images/img_1705.png	뉉
images/img_1706.png	뉊
images/img_1707.png	뉋
images/img_1708.png	뉌
images/img_1709.png	뉍
images/img_1710.png	뉎
images/img_1711.png	뉏
images/img_1712.png	뉐
images/img_1713.png	뉑
images/img_1714.png	뉒
images/img_1715.png	뉓
images/img_1716.png	뉔
images/img_1717.png	뉕
images/img_1718.png	뉖
images/img_1719.png	뉗
images/img_1720.png	뉘
images/img_1721.png	뉙
images/img_1722.png	뉚
images/img_1723.png	뉛
images/img_1724.png	뉜
images/img_1725.png	뉝
images/img_1726.png	뉞
images/img_1727.png	뉟
images/img_1728.png	뉠
images/img_1729.png	뉡
images/img_1730.png	뉢
images/img_1731.png	뉣
images/img_1732.png	뉤
images/img_1733.png	뉥
images/img_1734.png	뉦
images/img_1735.png	뉧
images/img_1736.png	뉨
images/img_1737.png	뉩
images/img_1738.png	뉪
images/img_1739.png	뉫
images/img_1740.png	뉬
images/img_1741.png	뉭
images/img_1742.png	뉮
images/img_1743.png	뉯
images/img_1744.png	뉰
images/img_1745.png	뉱
images/img_1746.png	뉲
images/img_1747.png	뉳
images/img_1748.png	뉴
images/img_1749.png	뉵
images/img_1750.png	뉶
images/img_1751.png	뉷
images/img_1752.png	뉸
images/img_1753.png	뉹
images/img_1754.png	뉺
images/img_1755.png	뉻
images/img_1756.png	뉼
images/img_1757.png	뉽
images/img_1758.png	뉾
images/img_1759.png	뉿
images/img_1760.png	늀
images/img_1761.png	늁
images/img_1762.png	늂
images/img_1763.png	늃
images/img_1764.png	늄
images/img_1765.png	늅
images/img_1766.png	늆
images/img_1767.png	늇
images/img_1768.png	늈
images/img_1769.png	늉
images/img_1770.png	늊
images/img_1771.png	늋
images/img_1772.png	늌
images/img_1773.png	늍
images/img_1774.png	늎
images/img_1775.png	늏
images/img_1776.png	느
images/img_1777.png	늑
images/img_1778.png	늒
images/img_1779.png	늓
images/img_1780.png	는
images/img_1781.png	늕
images/img_1782.png	늖
images/img_1783.png	늗
images/img_1784.png	늘
images/img_1785.png	늙
images/img_1786.png	늚
images/img_1787.png	늛
images/img_1788.png	늜
images/img_1789.png	늝
images/img_1790.png	늞
images/img_1791.png	늟
images/img_1792.png	늠
images/img_1793.png	늡
images/img_1794.png	늢
images/img_1795.png	늣
images/img_1796.png	늤
images/img_1797.png	능
images/img_1798.png	늦
images/img_1799.png	늧
images/img_1800.png	늨
images/img_1801.png	늩
images/img_1802.png	늪
images/img_1803.png	늫
images/img_1804.png	늬
images/img_1805.png	늭
images/img_1806.png	늮
images/img_1807.png	늯
images/img_1808.png	늰
images/img_1809.png	늱
images/img_1810.png	늲
images/img_1811.png	늳
images/img_1812.png	늴
images/img_1813.png	늵
images/img_1814.png	늶
images/img_1815.png	늷
images/img_1816.png	늸
images/img_1817.png	늹
images/img_1818.png	늺
images/img_1819.png	늻
images/img_1820.png	늼
images/img_1821.png	늽
images/img_1822.png	늾
images/img_1823.png	늿
images/img_1824.png	닀
images/img_1825.png	닁
images/img_1826.png	닂
images/img_1827.png	닃
images/img_1828.png	닄
images/img_1829.png	닅
images/img_1830.png	닆
images/img_1831.png	닇
images/img_1832.png	니
images/img_1833.png	닉
images/img_1834.png	닊
images/img_1835.png	닋
images/img_1836.png	닌
images/img_1837.png	닍
images/img_1838.png	닎
images/img_1839.png	닏
images/img_1840.png	닐
images/img_1841.png	닑
images/img_1842.png	닒
images/img_1843.png	닓
images/img_1844.png	닔
images/img_1845.png	닕
images/img_1846.png	닖
images/img_1847.png	닗
images/img_1848.png	님
images/img_1849.png	닙
images/img_1850.png	닚
images/img_1851.png	닛
images/img_1852.png	닜
images/img_1853.png	닝
images/img_1854.png	닞
images/img_1855.png	닟
images/img_1856.png	닠
images/img_1857.png	닡
images/img_1858.png	닢
images/img_1859.png	닣
images/img_1860.png	다
images/img_1861.png	닥
images/img_1862.png	닦
images/img_1863.png	닧
images/img_1864.png	단
images/img_1865.png	닩
images/img_1866.png	닪
images/img_1867.png	닫
images/img_1868.png	달
images/img_1869.png	닭
images/img_1870.png	닮
images/img_1871.png	닯
images/img_1872.png	닰
images/img_1873.png	닱
images/img_1874.png	닲
images/img_1875.png	닳
images/img_1876.png	담
images/img_1877.png	답
images/img_1878.png	닶
images/img_1879.png	닷
images/img_1880.png	닸
images/img_1881.png	당
images/img_1882.png	닺
images/img_1883.png	닻
images/img_1884.png	닼
images/img_1885.png	닽
images/img_1886.png	닾
images/img_1887.png	닿
images/img_1888.png	대
images/img_1889.png	댁
images/img_1890.png	댂
images/img_1891.png	댃
images/img_1892.png	댄
images/img_1893.png	댅
images/img_1894.png	댆
images/img_1895.png	댇
images/img_1896.png	댈
images/img_1897.png	댉
images/img_1898.png	댊
images/img_1899.png	댋
images/img_1900.png	댌
images/img_1901.png	댍
images/img_1902.png	댎
images/img_1903.png	댏
images/img_1904.png	댐
images/img_1905.png	댑
images/img_1906.png	댒
images/img_1907.png	댓
images/img_1908.png	댔
images/img_1909.png	댕
images/img_1910.png	댖
images/img_1911.png	댗
images/img_1912.png	댘
images/img_1913.png	댙
images/img_1914.png	댚
images/img_1915.png	댛
images/img_1916.png	댜
images/img_1917.png	댝
images/img_1918.png	댞
images/img_1919.png	댟
images/img_1920.png	댠
images/img_1921.png	댡
images/img_1922.png	댢
images/img_1923.png	댣
images/img_1924.png	댤
images/img_1925.png	댥
images/img_1926.png	댦
images/img_1927.png	댧
images/img_1928.png	댨
images/img_1929.png	댩
images/img_1930.png	댪
images/img_1931.png	댫
images/img_1932.png	댬
images/img_1933.png	댭
images/img_1934.png	댮
images/img_1935.png	댯
images/img_1936.png	댰
images/img_1937.png	댱
images/img_1938.png	댲
images/img_1939.png	댳
images/img_1940.png	댴
images/img_1941.png	댵
images/img_1942.png	댶
images/img_1943.png	댷
images/img_1944.png	댸
images/img_1945.png	댹
images/img_1946.png	댺
images/img_1947.png	댻
images/img_1948.png	댼
images/img_1949.png	댽
images/img_1950.png	댾
images/img_1951.png	댿
images/img_1952.png	덀
images/img_1953.png	덁
images/img_1954.png	덂
images/img_1955.png	덃
images/img_1956.png	덄
images/img_1957.png	덅
images/img_1958.png	덆
images/img_1959.png	덇
images/img_1960.png	덈
images/img_1961.png	덉
images/img_1962.png	덊
images/img_1963.png	덋
images/img_1964.png	덌
images/img_1965.png	덍
images/img_1966.png	덎
images/img_1967.png	덏
images/img_1968.png	덐
images/img_1969.png	덑
images/img_1970.png	덒
images/img_1971.png	덓
images/img_1972.png	더
images/img_1973.png	덕
images/img_1974.png	덖
images/img_1975.png	덗
images/img_1976.png	던
images/img_1977.png	덙
images/img_1978.png	덚
images/img_1979.png	덛
images/img_1980.png	덜
images/img_1981.png	덝
images/img_1982.png	덞
images/img_1983.png	덟
images/img_1984.png	덠
images/img_1985.png	덡
images/img_1986.png	덢
images/img_1987.png	덣
images/img_1988.png	덤
images/img_1989.png	덥
images/img_1990.png	덦
images/img_1991.png	덧
images/img_1992.png	덨
images/img_1993.png	덩
images/img_1994.png	덪
images/img_1995.png	덫
images/img_1996.png	덬
images/img_1997.png	덭
images/img_1998.png	덮
images/img_1999.png	덯
images/img_2000.png	데
images/img_2001.png	덱
images/img_2002.png	덲
images/img_2003.png	덳
images/img_2004.png	덴
images/img_2005.png	덵
images/img_2006.png	덶
images/img_2007.png	덷
images/img_2008.png	델
images/img_2009.png	덹
images/img_2010.png	덺
images/img_2011.png	덻
images/img_2012.png	덼
images/img_2013.png	덽
images/img_2014.png	덾
images/img_2015.png	덿
images/img_2016.png	뎀
images/img_2017.png	뎁
images/img_2018.png	뎂
images/img_2019.png	뎃
images/img_2020.png	뎄
images/img_2021.png	뎅
images/img_2022.png	뎆
images/img_2023.png	뎇
images/img_2024.png	뎈
images/img_2025.png	뎉
images/img_2026.png	뎊
images/img_2027.png	뎋
images/img_2028.png	뎌
images/img_2029.png	뎍
images/img_2030.png	뎎
images/img_2031.png	뎏
images/img_2032.png	뎐
images/img_2033.png	뎑
images/img_2034.png	뎒
images/img_2035.png	뎓
images/img_2036.png	뎔
images/img_2037.png	뎕
images/img_2038.png	뎖
images/img_2039.png	뎗
images/img_2040.png	뎘
images/img_2041.png	뎙
images/img_2042.png	뎚
images/img_2043.png	뎛
images/img_2044.png	뎜
images/img_2045.png	뎝
images/img_2046.png	뎞
images/img_2047.png	뎟
images/img_2048.png	뎠
images/img_2049.png	뎡
images/img_2050.png	뎢
images/img_2051.png	뎣
images/img_2052.png	뎤
images/img_2053.png	뎥
images/img_2054.png	뎦
images/img_2055.png	뎧
images/img_2056.png	뎨
images/img_2057.png	뎩
images/img_2058.png	뎪
images/img_2059.png	뎫
images/img_2060.png	뎬
images/img_2061.png	뎭
images/img_2062.png	뎮
images/img_2063.png	뎯
images/img_2064.png	뎰
images/img_2065.png	뎱
images/img_2066.png	뎲
images/img_2067.png	뎳
images/img_2068.png	뎴
images/img_2069.png	뎵
images/img_2070.png	뎶
images/img_2071.png	뎷
images/img_2072.png	뎸
images/img_2073.png	뎹
images/img_2074.png	뎺
images/img_2075.png	뎻
images/img_2076.png	뎼
images/img_2077.png	뎽
images/img_2078.png	뎾
images/img_2079.png	뎿
images/img_2080.png	돀
images/img_2081.png	돁
images/img_2082.png	돂
images/img_2083.png	돃
images/img_2084.png	도
images/img_2085.png	독
images/img_2086.png	돆
images/img_2087.png	돇
images/img_2088.png	돈
images/img_2089.png	돉
images/img_2090.png	돊
images/img_2091.png	돋
images/img_2092.png	돌
images/img_2093.png	돍
images/img_2094.png	돎
images/img_2095.png	돏
images/img_2096.png	돐
images/img_2097.png	돑
images/img_2098.png	돒
images/img_2099.png	돓
images/img_2100.png	돔
images/img_2101.png	돕
images/img_2102.png	돖
images/img_2103.png	돗
images/img_2104.png	돘
images/img_2105.png	동
images/img_2106.png	돚
images/img_2107.png	돛
images/img_2108.png	돜
images/img_2109.png	돝
images/img_2110.png	돞
images/img_2111.png	돟
images/img_2112.png	돠
images/img_2113.png	돡
images/img_2114.png	돢
images/img_2115.png	돣
images/img_2116.png	돤
images/img_2117.png	돥
images/img_2118.png	돦
images/img_2119.png	돧
images/img_2120.png	돨
images/img_2121.png	돩
images/img_2122.png	돪
images/img_2123.png	돫
images/img_2124.png	돬
images/img_2125.png	돭
images/img_2126.png	돮
images/img_2127.png	돯
images/img_2128.png	돰
images/img_2129.png	돱
images/img_2130.png	돲
images/img_2131.png	돳
images/img_2132.png	돴
images/img_2133.png	돵
images/img_2134.png	돶
images/img_2135.png	돷
images/img_2136.png	돸
images/img_2137.png	돹
images/img_2138.png	돺
images/img_2139.png	돻
images/img_2140.png	돼
images/img_2141.png	돽
images/img_2142.png	돾
images/img_2143.png	돿
images/img_2144.png	됀
images/img_2145.png	됁
images/img_2146.png	됂
images/img_2147.png	됃
images/img_2148.png	됄
images/img_2149.png	됅
images/img_2150.png	됆
images/img_2151.png	됇
images/img_2152.png	됈
images/img_2153.png	됉
images/img_2154.png	됊
images/img_2155.png	됋
images/img_2156.png	됌
images/img_2157.png	됍
images/img_2158.png	됎
images/img_2159.png	됏
images/img_2160.png	됐
images/img_2161.png	됑
images/img_2162.png	됒
images/img_2163.png	됓
images/img_2164.png	됔
images/img_2165.png	됕
images/img_2166.png	됖
images/img_2167.png	됗
images/img_2168.png	되
images/img_2169.png	됙
images/img_2170.png	됚
images/img_2171.png	됛
images/img_2172.png	된
images/img_2173.png	됝
images/img_2174.png	됞
images/img_2175.png	됟
images/img_2176.png	될
images/img_2177.png	됡
images/img_2178.png	됢
images/img_2179.png	됣
images/img_2180.png	됤
images/img_2181.png	됥
images/img_2182.png	됦
images/img_2183.png	됧
images/img_2184.png	됨
images/img_2185.png	됩
images/img_2186.png	됪
images/img_2187.png	됫
images/img_2188.png	됬
images/img_2189.png	됭
images/img_2190.png	됮
images/img_2191.png	됯
images/img_2192.png	됰
images/img_2193.png	됱
images/img_2194.png	됲
images/img_2195.png	됳
images/img_2196.png	됴
images/img_2197.png	됵
images/img_2198.png	됶
images/img_2199.png	됷
images/img_2200.png	됸
images/img_2201.png	됹
images/img_2202.png	됺
images/img_2203.png	됻
images/img_2204.png	됼
images/img_2205.png	됽
images/img_2206.png	됾
images/img_2207.png	됿
images/img_2208.png	둀
images/img_2209.png	둁
images/img_2210.png	둂
images/img_2211.png	둃
images/img_2212.png	둄
images/img_2213.png	둅
images/img_2214.png	둆
images/img_2215.png	둇
images/img_2216.png	둈
images/img_2217.png	둉
images/img_2218.png	둊
images/img_2219.png	둋
images/img_2220.png	둌
images/img_2221.png	둍
images/img_2222.png	둎
images/img_2223.png	둏
images/img_2224.png	두
images/img_2225.png	둑
images/img_2226.png	둒
images/img_2227.png	둓
images/img_2228.png	둔
images/img_2229.png	둕
images/img_2230.png	둖
images/img_2231.png	둗
images/img_2232.png	둘
images/img_2233.png	둙
images/img_2234.png	둚
images/img_2235.png	둛
images/img_2236.png	둜
images/img_2237.png	둝
images/img_2238.png	둞
images/img_2239.png	둟
images/img_2240.png	둠
images/img_2241.png	둡
images/img_2242.png	둢
images/img_2243.png	둣
images/img_2244.png	둤
images/img_2245.png	둥
images/img_2246.png	둦
images/img_2247.png	둧
images/img_2248.png	둨
images/img_2249.png	둩
images/img_2250.png	둪
images/img_2251.png	둫
images/img_2252.png	둬
images/img_2253.png	둭
images/img_2254.png	둮
images/img_2255.png	둯
images/img_2256.png	둰
images/img_2257.png	둱
images/img_2258.png	둲
images/img_2259.png	둳
images/img_2260.png	둴
images/img_2261.png	둵
images/img_2262.png	둶
images/img_2263.png	둷
images/img_2264.png	둸
images/img_2265.png	둹
images/img_2266.png	둺
images/img_2267.png	둻
images/img_2268.png	둼
images/img_2269.png	둽
images/img_2270.png	둾
images/img_2271.png	둿
images/img_2272.png	뒀
images/img_2273.png	뒁
images/img_2274.png	뒂
images/img_2275.png	뒃
images/img_2276.png	뒄
images/img_2277.png	뒅
images/img_2278.png	뒆
images/img_2279.png	뒇
images/img_2280.png	뒈
images/img_2281.png	뒉
images/img_2282.png	뒊
images/img_2283.png	뒋
images/img_2284.png	뒌
images/img_2285.png	뒍
images/img_2286.png	뒎
images/img_2287.png	뒏
images/img_2288.png	뒐
images/img_2289.png	뒑
images/img_2290.png	뒒
images/img_2291.png	뒓
images/img_2292.png	뒔
images/img_2293.png	뒕
images/img_2294.png	뒖
images/img_2295.png	뒗
images/img_2296.png	뒘
images/img_2297.png	뒙
images/img_2298.png	뒚
images/img_2299.png	뒛
images/img_2300.png	뒜
images/img_2301.png	뒝
images/img_2302.png	뒞
images/img_2303.png	뒟
images/img_2304.png	뒠
images/img_2305.png	뒡
images/img_2306.png	뒢
images/img_2307.png	뒣
images/img_2308.png	뒤
images/img_2309.png	뒥
images/img_2310.png	뒦
images/img_2311.png	뒧
images/img_2312.png	뒨
images/img_2313.png	뒩
images/img_2314.png	뒪
images/img_2315.png	뒫
images/img_2316.png	뒬
images/img_2317.png	뒭
images/img_2318.png	뒮
images/img_2319.png	뒯
images/img_2320.png	뒰
images/img_2321.png	뒱
images/img_2322.png	뒲
images/img_2323.png	뒳
images/img_2324.png	뒴
images/img_2325.png	뒵
images/img_2326.png	뒶
images/img_2327.png	뒷
images/img_2328.png	뒸
images/img_2329.png	뒹
images/img_2330.png	뒺
images/img_2331.png	뒻
images/img_2332.png	뒼
images/img_2333.png	뒽
images/img_2334.png	뒾
images/img_2335.png	뒿
images/img_2336.png	듀
images/img_2337.png	듁
images/img_2338.png	듂
images/img_2339.png	듃
images/img_2340.png	듄
images/img_2341.png	듅
images/img_2342.png	듆
images/img_2343.png	듇
images/img_2344.png	듈
images/img_2345.png	듉
images/img_2346.png	듊
images/img_2347.png	듋
images/img_2348.png	듌
images/img_2349.png	듍
images/img_2350.png	듎
images/img_2351.png	듏
images/img_2352.png	듐
images/img_2353.png	듑
images/img_2354.png	듒
images/img_2355.png	듓
images/img_2356.png	듔
images/img_2357.png	듕
images/img_2358.png	듖
images/img_2359.png	듗
images/img_2360.png	듘
images/img_2361.png	듙
images/img_2362.png	듚
images/img_2363.png	듛
images/img_2364.png	드
images/img_2365.png	득
images/img_2366.png	듞
images/img_2367.png	듟
images/img_2368.png	든
images/img_2369.png	듡
images/img_2370.png	듢
images/img_2371.png	듣
images/img_2372.png	들
images/img_2373.png	듥
images/img_2374.png	듦
images/img_2375.png	듧
images/img_2376.png	듨
images/img_2377.png	듩
images/img_2378.png	듪
images/img_2379.png	듫
images/img_2380.png	듬
images/img_2381.png	듭
images/img_2382.png	듮
images/img_2383.png	듯
images/img_2384.png	듰
images/img_2385.png	등
images/img_2386.png	듲
images/img_2387.png	듳
images/img_2388.png	듴
images/img_2389.png	듵
images/img_2390.png	듶
images/img_2391.png	듷
images/img_2392.png	듸
images/img_2393.png	듹
images/img_2394.png	듺
images/img_2395.png	듻
images/img_2396.png	듼
images/img_2397.png	듽
images/img_2398.png	듾
images/img_2399.png	듿
images/img_2400.png	딀
images/img_2401.png	딁
images/img_2402.png	딂
images/img_2403.png	딃
images/img_2404.png	딄
images/img_2405.png	딅
images/img_2406.png	딆
images/img_2407.png	딇
images/img_2408.png	딈
images/img_2409.png	딉
images/img_2410.png	딊
images/img_2411.png	딋
images/img_2412.png	딌
images/img_2413.png	딍
images/img_2414.png	딎
images/img_2415.png	딏
images/img_2416.png	딐
images/img_2417.png	딑
images/img_2418.png	딒
images/img_2419.png	딓
images/img_2420.png	디
images/img_2421.png	딕
images/img_2422.png	딖
images/img_2423.png	딗
images/img_2424.png	딘
images/img_2425.png	딙
images/img_2426.png	딚
images/img_2427.png	딛
images/img_2428.png	딜
images/img_2429.png	딝
images/img_2430.png	딞
images/img_2431.png	딟
images/img_2432.png	딠
images/img_2433.png	딡
images/img_2434.png	딢
images/img_2435.png	딣
images/img_2436.png	딤
images/img_2437.png	딥
images/img_2438.png	딦
images/img_2439.png	딧
images/img_2440.png	딨
images/img_2441.png	딩
images/img_2442.png	딪
images/img_2443.png	딫
images/img_2444.png	딬
images/img_2445.png	딭
images/img_2446.png	딮
images/img_2447.png	딯
images/img_2448.png	따
images/img_2449.png	딱
images/img_2450.png	딲
images/img_2451.png	딳
images/img_2452.png	딴
images/img_2453.png	딵
images/img_2454.png	딶
images/img_2455.png	딷
images/img_2456.png	딸
images/img_2457.png	딹
images/img_2458.png	딺
images/img_2459.png	딻
images/img_2460.png	딼
images/img_2461.png	딽
images/img_2462.png	딾
images/img_2463.png	딿
images/img_2464.png	땀
images/img_2465.png	땁
images/img_2466.png	땂
images/img_2467.png	땃
images/img_2468.png	땄
images/img_2469.png	땅
images/img_2470.png	땆
images/img_2471.png	땇
images/img_2472.png	땈
images/img_2473.png	땉
images/img_2474.png	땊
images/img_2475.png	땋
images/img_2476.png	때
images/img_2477.png	땍
images/img_2478.png	땎
images/img_2479.png	땏
images/img_2480.png	땐
images/img_2481.png	땑
images/img_2482.png	땒
images/img_2483.png	땓
images/img_2484.png	땔
images/img_2485.png	땕
images/img_2486.png	땖
images/img_2487.png	땗
images/img_2488.png	땘
images/img_2489.png	땙
images/img_2490.png	땚
images/img_2491.png	땛
images/img_2492.png	땜
images/img_2493.png	땝
images/img_2494.png	땞
images/img_2495.png	땟
images/img_2496.png	땠
images/img_2497.png	땡
images/img_2498.png	땢
images/img_2499.png	땣
images/img_2500.png	땤
images/img_2501.png	땥
images/img_2502.png	땦
images/img_2503.png	땧
images/img_2504.png	땨
images/img_2505.png	땩
images/img_2506.png	땪
images/img_2507.png	땫
images/img_2508.png	땬
images/img_2509.png	땭
images/img_2510.png	땮
images/img_2511.png	땯
images/img_2512.png	땰
images/img_2513.png	땱
images/img_2514.png	땲
images/img_2515.png	땳
images/img_2516.png	땴
images/img_2517.png	땵
images/img_2518.png	땶
images/img_2519.png	땷
images/img_2520.png	땸
images/img_2521.png	땹
images/img_2522.png	땺
images/img_2523.png	땻
images/img_2524.png	땼
images/img_2525.png	땽
images/img_2526.png	땾
images/img_2527.png	땿
images/img_2528.png	떀
images/img_2529.png	떁
images/img_2530.png	떂
images/img_2531.png	떃
images/img_2532.png	떄
images/img_2533.png	떅
images/img_2534.png	떆
images/img_2535.png	떇
images/img_2536.png	떈
images/img_2537.png	떉
images/img_2538.png	떊
images/img_2539.png	떋
images/img_2540.png	떌
images/img_2541.png	떍
images/img_2542.png	떎
images/img_2543.png	떏
images/img_2544.png	떐
images/img_2545.png	떑
images/img_2546.png	떒
images/img_2547.png	떓
images/img_2548.png	떔
images/img_2549.png	떕
images/img_2550.png	떖
images/img_2551.png	떗
images/img_2552.png	떘
images/img_2553.png	떙
images/img_2554.png	떚
images/img_2555.png	떛
images/img_2556.png	떜
images/img_2557.png	떝
images/img_2558.png	떞
images/img_2559.png	떟
images/img_2560.png	떠
images/img_2561.png	떡
images/img_2562.png	떢
images/img_2563.png	떣
images/img_2564.png	떤
images/img_2565.png	떥
images/img_2566.png	떦
images/img_2567.png	떧
images/img_2568.png	떨
images/img_2569.png	떩
images/img_2570.png	떪
images/img_2571.png	떫
images/img_2572.png	떬
images/img_2573.png	떭
images/img_2574.png	떮
images/img_2575.png	떯
images/img_2576.png	떰
images/img_2577.png	떱
images/img_2578.png	떲
images/img_2579.png	떳
images/img_2580.png	떴
images/img_2581.png	떵
images/img_2582.png	떶
images/img_2583.png	떷
images/img_2584.png	떸
images/img_2585.png	떹
images/img_2586.png	떺
images/img_2587.png	떻
images/img_2588.png	떼
images/img_2589.png	떽
images/img_2590.png	떾
images/img_2591.png	떿
images/img_2592.png	뗀
images/img_2593.png	뗁
images/img_2594.png	뗂
images/img_2595.png	뗃
images/img_2596.png	뗄
images/img_2597.png	뗅
images/img_2598.png	뗆
images/img_2599.png	뗇
images/img_2600.png	뗈
images/img_2601.png	뗉
images/img_2602.png	뗊
images/img_2603.png	뗋
images/img_2604.png	뗌
images/img_2605.png	뗍
images/img_2606.png	뗎
images/img_2607.png	뗏
images/img_2608.png	뗐
images/img_2609.png	뗑
images/img_2610.png	뗒
images/img_2611.png	뗓
images/img_2612.png	뗔
images/img_2613.png	뗕
images/img_2614.png	뗖
images/img_2615.png	뗗
images/img_2616.png	뗘
images/img_2617.png	뗙
images/img_2618.png	뗚
images/img_2619.png	뗛
images/img_2620.png	뗜
images/img_2621.png	뗝
images/img_2622.png	뗞
images/img_2623.png	뗟
images/img_2624.png	뗠
images/img_2625.png	뗡
images/img_2626.png	뗢
images/img_2627.png	뗣
images/img_2628.png	뗤
images/img_2629.png	뗥
images/img_2630.png	뗦
images/img_2631.png	뗧
images/img_2632.png	뗨
images/img_2633.png	뗩
images/img_2634.png	뗪
images/img_2635.png	뗫
images/img_2636.png	뗬
images/img_2637.png	뗭
images/img_2638.png	뗮
images/img_2639.png	뗯
images/img_2640.png	뗰
images/img_2641.png	뗱
images/img_2642.png	뗲
images/img_2643.png	뗳
images/img_2644.png	뗴
images/img_2645.png	뗵
images/img_2646.png	뗶
images/img_2647.png	뗷
images/img_2648.png	뗸
images/img_2649.png	뗹
images/img_2650.png	뗺
images/img_2651.png	뗻
images/img_2652.png	뗼
images/img_2653.png	뗽
images/img_2654.png	뗾
images/img_2655.png	뗿
images/img_2656.png	똀
images/img_2657.png	똁
images/img_2658.png	똂
images/img_2659.png	똃
images/img_2660.png	똄
images/img_2661.png	똅
images/img_2662.png	똆
images/img_2663.png	똇
images/img_2664.png	똈
images/img_2665.png	똉
images/img_2666.png	똊
images/img_2667.png	똋
images/img_2668.png	똌
images/img_2669.png	똍
images/img_2670.png	똎
images/img_2671.png	똏
images/img_2672.png	또
images/img_2673.png	똑
images/img_2674.png	똒
images/img_2675.png	똓
images/img_2676.png	똔
images/img_2677.png	똕
images/img_2678.png	똖
images/img_2679.png	똗
images/img_2680.png	똘
images/img_2681.png	똙
images/img_2682.png	똚
images/img_2683.png	똛
images/img_2684.png	똜
images/img_2685.png	똝
images/img_2686.png	똞
images/img_2687.png	똟
images/img_2688.png	똠
images/img_2689.png	똡
images/img_2690.png	똢
images/img_2691.png	똣
images/img_2692.png	똤
images/img_2693.png	똥
images/img_2694.png	똦
images/img_2695.png	똧
images/img_2696.png	똨
images/img_2697.png	똩
images/img_2698.png	똪
images/img_2699.png	똫
images/img_2700.png	똬
images/img_2701.png	똭
images/img_2702.png	똮
images/img_2703.png	똯
images/img_2704.png	똰
images/img_2705.png	똱
images/img_2706.png	똲
images/img_2707.png	똳
images/img_2708.png	똴
images/img_2709.png	똵
images/img_2710.png	똶
images/img_2711.png	똷
images/img_2712.png	똸
images/img_2713.png	똹
images/img_2714.png	똺
images/img_2715.png	똻
images/img_2716.png	똼
images/img_2717.png	똽
images/img_2718.png	똾
images/img_2719.png	똿
images/img_2720.png	뙀
images/img_2721.png	뙁
images/img_2722.png	뙂
images/img_2723.png	뙃
images/img_2724.png	뙄
images/img_2725.png	뙅
images/img_2726.png	뙆
images/img_2727.png	뙇
images/img_2728.png	뙈
images/img_2729.png	뙉
images/img_2730.png	뙊
images/img_2731.png	뙋
images/img_2732.png	뙌
images/img_2733.png	뙍
images/img_2734.png	뙎
images/img_2735.png	뙏
images/img_2736.png	뙐
images/img_2737.png	뙑
images/img_2738.png	뙒
images/img_2739.png	뙓
images/img_2740.png	뙔
images/img_2741.png	뙕
images/img_2742.png	뙖
images/img_2743.png	뙗
images/img_2744.png	뙘
images/img_2745.png	뙙
images/img_2746.png	뙚
images/img_2747.png	뙛
images/img_2748.png	뙜
images/img_2749.png	뙝
images/img_2750.png	뙞
images/img_2751.png	뙟
images/img_2752.png	뙠
images/img_2753.png	뙡
images/img_2754.png	뙢
images/img_2755.png	뙣
images/img_2756.png	뙤
images/img_2757.png	뙥
images/img_2758.png	뙦
images/img_2759.png	뙧
images/img_2760.png	뙨
images/img_2761.png	뙩
images/img_2762.png	뙪
images/img_2763.png	뙫
images/img_2764.png	뙬
images/img_2765.png	뙭
images/img_2766.png	뙮
images/img_2767.png	뙯
images/img_2768.png	뙰
images/img_2769.png	뙱
images/img_2770.png	뙲
images/img_2771.png	뙳
images/img_2772.png	뙴
images/img_2773.png	뙵
images/img_2774.png	뙶
images/img_2775.png	뙷
images/img_2776.png	뙸
images/img_2777.png	뙹
images/img_2778.png	뙺
images/img_2779.png	뙻
images/img_2780.png	뙼
images/img_2781.png	뙽
images/img_2782.png	뙾
images/img_2783.png	뙿
images/img_2784.png	뚀
images/img_2785.png	뚁
images/img_2786.png	뚂
images/img_2787.png	뚃
images/img_2788.png	뚄
images/img_2789.png	뚅
images/img_2790.png	뚆
images/img_2791.png	뚇
images/img_2792.png	뚈
images/img_2793.png	뚉
images/img_2794.png	뚊
images/img_2795.png	뚋
images/img_2796.png	뚌
images/img_2797.png	뚍
images/img_2798.png	뚎
images/img_2799.png	뚏
images/img_2800.png	뚐
images/img_2801.png	뚑
images/img_2802.png	뚒
images/img_2803.png	뚓
images/img_2804.png	뚔
images/img_2805.png	뚕
images/img_2806.png	뚖
images/img_2807.png	뚗
images/img_2808.png	뚘
images/img_2809.png	뚙
images/img_2810.png	뚚
images/img_2811.png	뚛
images/img_2812.png	뚜
images/img_2813.png	뚝
images/img_2814.png	뚞
images/img_2815.png	뚟
images/img_2816.png	뚠
images/img_2817.png	뚡
images/img_2818.png	뚢
images/img_2819.png	뚣
images/img_2820.png	뚤
images/img_2821.png	뚥
images/img_2822.png	뚦
images/img_2823.png	뚧
images/img_2824.png	뚨
images/img_2825.png	뚩
images/img_2826.png	뚪
images/img_2827.png	뚫
images/img_2828.png	뚬
images/img_2829.png	뚭
images/img_2830.png	뚮
images/img_2831.png	뚯
images/img_2832.png	뚰
images/img_2833.png	뚱
images/img_2834.png	뚲
images/img_2835.png	뚳
images/img_2836.png	뚴
images/img_2837.png	뚵
images/img_2838.png	뚶
images/img_2839.png	뚷
images/img_2840.png	뚸
images/img_2841.png	뚹
images/img_2842.png	뚺
images/img_2843.png	뚻
images/img_2844.png	뚼
images/img_2845.png	뚽
images/img_2846.png	뚾
images/img_2847.png	뚿
images/img_2848.png	뛀
images/img_2849.png	뛁
images/img_2850.png	뛂
images/img_2851.png	뛃
images/img_2852.png	뛄
images/img_2853.png	뛅
images/img_2854.png	뛆
images/img_2855.png	뛇
images/img_2856.png	뛈
images/img_2857.png	뛉
images/img_2858.png	뛊
images/img_2859.png	뛋
images/img_2860.png	뛌
images/img_2861.png	뛍
images/img_2862.png	뛎
images/img_2863.png	뛏
images/img_2864.png	뛐
images/img_2865.png	뛑
images/img_2866.png	뛒
images/img_2867.png	뛓
images/img_2868.png	뛔
images/img_2869.png	뛕
images/img_2870.png	뛖
images/img_2871.png	뛗
images/img_2872.png	뛘
images/img_2873.png	뛙
images/img_2874.png	뛚
images/img_2875.png	뛛
images/img_2876.png	뛜
images/img_2877.png	뛝
images/img_2878.png	뛞
images/img_2879.png	뛟
images/img_2880.png	뛠
images/img_2881.png	뛡
images/img_2882.png	뛢
images/img_2883.png	뛣
images/img_2884.png	뛤
images/img_2885.png	뛥
images/img_2886.png	뛦
images/img_2887.png	뛧
images/img_2888.png	뛨
images/img_2889.png	뛩
images/img_2890.png	뛪
images/img_2891.png	뛫
images/img_2892.png	뛬
images/img_2893.png	뛭
images/img_2894.png	뛮
images/img_2895.png	뛯
images/img_2896.png	뛰
images/img_2897.png	뛱
images/img_2898.png	뛲
images/img_2899.png	뛳
images/img_2900.png	뛴
images/img_2901.png	뛵
images/img_2902.png	뛶
images/img_2903.png	뛷
images/img_2904.png	뛸
images/img_2905.png	뛹
images/img_2906.png	뛺
images/img_2907.png	뛻
images/img_2908.png	뛼
images/img_2909.png	뛽
images/img_2910.png	뛾
images/img_2911.png	뛿
images/img_2912.png	뜀
images/img_2913.png	뜁
images/img_2914.png	뜂
images/img_2915.png	뜃
images/img_2916.png	뜄
images/img_2917.png	뜅
images/img_2918.png	뜆
images/img_2919.png	뜇
images/img_2920.png	뜈
images/img_2921.png	뜉
images/img_2922.png	뜊
images/img_2923.png	뜋
images/img_2924.png	뜌
images/img_2925.png	뜍
images/img_2926.png	뜎
images/img_2927.png	뜏
images/img_2928.png	뜐
images/img_2929.png	뜑
images/img_2930.png	뜒
images/img_2931.png	뜓
images/img_2932.png	뜔
images/img_2933.png	뜕
images/img_2934.png	뜖
images/img_2935.png	뜗
images/img_2936.png	뜘
images/img_2937.png	뜙
images/img_2938.png	뜚
images/img_2939.png	뜛
images/img_2940.png	뜜
images/img_2941.png	뜝
images/img_2942.png	뜞
images/img_2943.png	뜟
images/img_2944.png	뜠
images/img_2945.png	뜡
images/img_2946.png	뜢
images/img_2947.png	뜣
images/img_2948.png	뜤
images/img_2949.png	뜥
images/img_2950.png	뜦
images/img_2951.png	뜧
images/img_2952.png	뜨
images/img_2953.png	뜩
images/img_2954.png	뜪
images/img_2955.png	뜫
images/img_2956.png	뜬
images/img_2957.png	뜭
images/img_2958.png	뜮
images/img_2959.png	뜯
images/img_2960.png	뜰
images/img_2961.png	뜱
images/img_2962.png	뜲
images/img_2963.png	뜳
images/img_2964.png	뜴
images/img_2965.png	뜵
images/img_2966.png	뜶
images/img_2967.png	뜷
images/img_2968.png	뜸
images/img_2969.png	뜹
images/img_2970.png	뜺
images/img_2971.png	뜻
images/img_2972.png	뜼
images/img_2973.png	뜽
images/img_2974.png	뜾
images/img_2975.png	뜿
images/img_2976.png	띀
images/img_2977.png	띁
images/img_2978.png	띂
images/img_2979.png	띃
images/img_2980.png	띄
images/img_2981.png	띅
images/img_2982.png	띆
images/img_2983.png	띇
images/img_2984.png	띈
images/img_2985.png	띉
images/img_2986.png	띊
images/img_2987.png	띋
images/img_2988.png	띌
images/img_2989.png	띍
images/img_2990.png	띎
images/img_2991.png	띏
images/img_2992.png	띐
images/img_2993.png	띑
images/img_2994.png	띒
images/img_2995.png	띓
images/img_2996.png	띔
images/img_2997.png	띕
images/img_2998.png	띖
images/img_2999.png	띗
images/img_3000.png	띘
images/img_3001.png	띙
images/img_3002.png	띚
images/img_3003.png	띛
images/img_3004.png	띜
images/img_3005.png	띝
images/img_3006.png	띞
images/img_3007.png	띟
images/img_3008.png	띠
images/img_3009.png	띡
images/img_3010.png	띢
images/img_3011.png	띣
images/img_3012.png	띤
images/img_3013.png	띥
images/img_3014.png	띦
images/img_3015.png	띧
images/img_3016.png	띨
images/img_3017.png	띩
images/img_3018.png	띪
images/img_3019.png	띫
images/img_3020.png	띬
images/img_3021.png	띭
images/img_3022.png	띮
images/img_3023.png	띯
images/img_3024.png	띰
images/img_3025.png	띱
images/img_3026.png	띲
images/img_3027.png	띳
images/img_3028.png	띴
images/img_3029.png	띵
images/img_3030.png	띶
images/img_3031.png	띷
images/img_3032.png	띸
images/img_3033.png	띹
images/img_3034.png	띺
images/img_3035.png	띻
images/img_3036.png	라
images/img_3037.png	락
images/img_3038.png	띾
images/img_3039.png	띿
images/img_3040.png	란
images/img_3041.png	랁
images/img_3042.png	랂
images/img_3043.png	랃
images/img_3044.png	랄
images/img_3045.png	랅
images/img_3046.png	랆
images/img_3047.png	랇
images/img_3048.png	랈
images/img_3049.png	랉
images/img_3050.png	랊
images/img_3051.png	랋
images/img_3052.png	람
images/img_3053.png	랍
images/img_3054.png	랎
images/img_3055.png	랏
images/img_3056.png	랐
images/img_3057.png	랑
images/img_3058.png	랒
images/img_3059.png	랓
images/img_3060.png	랔
images/img_3061.png	랕
images/img_3062.png	랖
images/img_3063.png	랗
images/img_3064.png	래
images/img_3065.png	랙
images/img_3066.png	랚
images/img_3067.png	랛
images/img_3068.png	랜
images/img_3069.png	랝
images/img_3070.png	랞
images/img_3071.png	랟
images/img_3072.png	랠
images/img_3073.png	랡
images/img_3074.png	랢
images/img_3075.png	랣
images/img_3076.png	랤
images/img_3077.png	랥
images/img_3078.png	랦
images/img_3079.png	랧
images/img_3080.png	램
images/img_3081.png	랩
images/img_3082.png	랪
images/img_3083.png	랫
images/img_3084.png	랬
images/img_3085.png	랭
images/img_3086.png	랮
images/img_3087.png	랯
images/img_3088.png	랰
images/img_3089.png	랱
images/img_3090.png	랲
images/img_3091.png	랳
images/img_3092.png	랴
images/img_3093.png	략
images/img_3094.png	랶
images/img_3095.png	랷
images/img_3096.png	랸
images/img_3097.png	랹
images/img_3098.png	랺
images/img_3099.png	랻
images/img_3100.png	랼
images/img_3101.png	랽
images/img_3102.png	랾
images/img_3103.png	랿
images/img_3104.png	럀
images/img_3105.png	럁
images/img_3106.png	럂
images/img_3107.png	럃
images/img_3108.png	럄
images/img_3109.png	럅
images/img_3110.png	럆
images/img_3111.png	럇
images/img_3112.png	럈
images/img_3113.png	량
images/img_3114.png	럊
images/img_3115.png	럋
images/img_3116.png	럌
images/img_3117.png	럍
images/img_3118.png	럎
images/img_3119.png	럏
images/img_3120.png	럐
images/img_3121.png	럑
images/img_3122.png	럒
images/img_3123.png	럓
images/img_3124.png	럔
images/img_3125.png	럕
images/img_3126.png	럖
images/img_3127.png	럗
images/img_3128.png	럘
images/img_3129.png	럙
images/img_3130.png	럚
images/img_3131.png	럛
images/img_3132.png	럜
images/img_3133.png	럝
images/img_3134.png	럞
images/img_3135.png	럟
images/img_3136.png	럠
images/img_3137.png	럡
images/img_3138.png	럢
images/img_3139.png	럣
images/img_3140.png	럤
images/img_3141.png	럥
images/img_3142.png	럦
images/img_3143.png	럧
images/img_3144.png	럨
images/img_3145.png	럩
images/img_3146.png	럪
images/img_3147.png	럫
images/img_3148.png	러
images/img_3149.png	럭
images/img_3150.png	럮
images/img_3151.png	럯
images/img_3152.png	런
images/img_3153.png	럱
images/img_3154.png	럲
images/img_3155.png	럳
images/img_3156.png	럴
images/img_3157.png	럵
images/img_3158.png	럶
images/img_3159.png	럷
images/img_3160.png	럸
images/img_3161.png	럹
images/img_3162.png	럺
images/img_3163.png	럻
images/img_3164.png	럼
images/img_3165.png	럽
images/img_3166.png	럾
images/img_3167.png	럿
images/img_3168.png	렀
images/img_3169.png	렁
images/img_3170.png	렂
images/img_3171.png	렃
images/img_3172.png	렄
images/img_3173.png	렅
images/img_3174.png	렆
images/img_3175.png	렇
images/img_3176.png	레
images/img_3177.png	렉
images/img_3178.png	렊
images/img_3179.png	렋
images/img_3180.png	렌
images/img_3181.png	렍
images/img_3182.png	렎
images/img_3183.png	렏
images/img_3184.png	렐
images/img_3185.png	렑
images/img_3186.png	렒
images/img_3187.png	렓
images/img_3188.png	렔
images/img_3189.png	렕
images/img_3190.png	렖
images/img_3191.png	렗
images/img_3192.png	렘
images/img_3193.png	렙
images/img_3194.png	렚
images/img_3195.png	렛
images/img_3196.png	렜
images/img_3197.png	렝
images/img_3198.png	렞
images/img_3199.png	렟
images/img_3200.png	렠
images/img_3201.png	렡
images/img_3202.png	렢
images/img_3203.png	렣
images/img_3204.png	려
images/img_3205.png	력
images/img_3206.png	렦
images/img_3207.png	렧
images/img_3208.png	련
images/img_3209.png	렩
images/img_3210.png	렪
images/img_3211.png	렫
images/img_3212.png	렬
images/img_3213.png	렭
images/img_3214.png	렮
images/img_3215.png	렯
images/img_3216.png	렰
images/img_3217.png	렱
images/img_3218.png	렲
images/img_3219.png	렳
images/img_3220.png	렴
images/img_3221.png	렵
images/img_3222.png	렶
images/img_3223.png	렷
images/img_3224.png	렸
images/img_3225.png	령
images/img_3226.png	렺
images/img_3227.png	렻
images/img_3228.png	렼
images/img_3229.png	렽
images/img_3230.png	렾
images/img_3231.png	렿
images/img_3232.png	례
images/img_3233.png	롁
images/img_3234.png	롂
images/img_3235.png	롃
images/img_3236.png	롄
images/img_3237.png	롅
images/img_3238.png	롆
images/img_3239.png	롇
images/img_3240.png	롈
images/img_3241.png	롉
images/img_3242.png	롊
images/img_3243.png	롋
images/img_3244.png	롌
images/img_3245.png	롍
images/img_3246.png	롎
images/img_3247.png	롏
images/img_3248.png	롐
images/img_3249.png	롑
images/img_3250.png	롒
images/img_3251.png	롓
images/img_3252.png	롔
images/img_3253.png	롕
images/img_3254.png	롖
images/img_3255.png	롗
images/img_3256.png	롘
images/img_3257.png	롙
images/img_3258.png	롚
images/img_3259.png	롛
images/img_3260.png	로
images/img_3261.png	록
images/img_3262.png	롞
images/img_3263.png	롟
images/img_3264.png	론
images/img_3265.png	롡
images/img_3266.png	롢
images/img_3267.png	롣
images/img_3268.png	롤
images/img_3269.png	롥
images/img_3270.png	롦
images/img_3271.png	롧
images/img_3272.png	롨
images/img_3273.png	롩
images/img_3274.png	롪
images/img_3275.png	롫
images/img_3276.png	롬
images/img_3277.png	롭
images/img_3278.png	롮
images/img_3279.png	롯
images/img_3280.png	롰
images/img_3281.png	롱
images/img_3282.png	롲
images/img_3283.png	롳
images/img_3284.png	롴
images/img_3285.png	롵
images/img_3286.png	롶
images/img_3287.png	롷
images/img_3288.png	롸
images/img_3289.png	롹
images/img_3290.png	롺
images/img_3291.png	롻
images/img_3292.png	롼
images/img_3293.png	롽
images/img_3294.png	롾
images/img_3295.png	롿
images/img_3296.png	뢀
images/img_3297.png	뢁
images/img_3298.png	뢂
images/img_3299.png	뢃
images/img_3300.png	뢄
images/img_3301.png	뢅
images/img_3302.png	뢆
images/img_3303.png	뢇
images/img_3304.png	뢈
images/img_3305.png	뢉
images/img_3306.png	뢊
images/img_3307.png	뢋
images/img_3308.png	뢌
images/img_3309.png	뢍
images/img_3310.png	뢎
images/img_3311.png	뢏
images/img_3312.png	뢐
images/img_3313.png	뢑
images/img_3314.png	뢒
images/img_3315.png	뢓
images/img_3316.png	뢔
images/img_3317.png	뢕
images/img_3318.png	뢖
images/img_3319.png	뢗
images/img_3320.png	뢘
images/img_3321.png	뢙
images/img_3322.png	뢚
images/img_3323.png	뢛
images/img_3324.png	뢜
images/img_3325.png	뢝
images/img_3326.png	뢞
images/img_3327.png	뢟
images/img_3328.png	뢠
images/img_3329.png	뢡
images/img_3330.png	뢢
images/img_3331.png	뢣
images/img_3332.png	뢤
images/img_3333.png	뢥
images/img_3334.png	뢦
images/img_3335.png	뢧
images/img_3336.png	뢨
images/img_3337.png	뢩
images/img_3338.png	뢪
images/img_3339.png	뢫
images/img_3340.png	뢬
images/img_3341.png	뢭
images/img_3342.png	뢮
images/img_3343.png	뢯
images/img_3344.png	뢰
images/img_3345.png	뢱
images/img_3346.png	뢲
images/img_3347.png	뢳
images/img_3348.png	뢴
images/img_3349.png	뢵
images/img_3350.png	뢶
images/img_3351.png	뢷
images/img_3352.png	뢸
images/img_3353.png	뢹
images/img_3354.png	뢺
images/img_3355.png	뢻
images/img_3356.png	뢼
images/img_3357.png	뢽
images/img_3358.png	뢾
images/img_3359.png	뢿
images/img_3360.png	룀
images/img_3361.png	룁
images/img_3362.png	룂
images/img_3363.png	룃
images/img_3364.png	룄
images/img_3365.png	룅
images/img_3366.png	룆
images/img_3367.png	룇
images/img_3368.png	룈
images/img_3369.png	룉
images/img_3370.png	룊
images/img_3371.png	룋
images/img_3372.png	료
images/img_3373.png	룍
images/img_3374.png	룎
images/img_3375.png	룏
images/img_3376.png	룐
images/img_3377.png	룑
images/img_3378.png	룒
images/img_3379.png	룓
images/img_3380.png	룔
images/img_3381.png	룕
images/img_3382.png	룖
images/img_3383.png	룗
images/img_3384.png	룘
images/img_3385.png	룙
images/img_3386.png	룚
images/img_3387.png	룛
images/img_3388.png	룜
images/img_3389.png	룝
images/img_3390.png	룞
images/img_3391.png	룟
images/img_3392.png	룠
images/img_3393.png	룡
images/img_3394.png	룢
images/img_3395.png	룣
images/img_3396.png	룤
images/img_3397.png	룥
images/img_3398.png	룦
images/img_3399.png	룧
images/img_3400.png	루
images/img_3401.png	룩
images/img_3402.png	룪
images/img_3403.png	룫
images/img_3404.png	룬
images/img_3405.png	룭
images/img_3406.png	룮
images/img_3407.png	룯
images/img_3408.png	룰
images/img_3409.png	룱
images/img_3410.png	룲
images/img_3411.png	룳
images/img_3412.png	룴
images/img_3413.png	룵
images/img_3414.png	룶
images/img_3415.png	룷
images/img_3416.png	룸
images/img_3417.png	룹
images/img_3418.png	룺
images/img_3419.png	룻
images/img_3420.png	룼
images/img_3421.png	룽
images/img_3422.png	룾
images/img_3423.png	룿
images/img_3424.png	뤀
images/img_3425.png	뤁
images/img_3426.png	뤂
images/img_3427.png	뤃
images/img_3428.png	뤄
images/img_3429.png	뤅
images/img_3430.png	뤆
images/img_3431.png	뤇
images/img_3432.png	뤈
images/img_3433.png	뤉
images/img_3434.png	뤊
images/img_3435.png	뤋
images/img_3436.png	뤌
images/img_3437.png	뤍
images/img_3438.png	뤎
images/img_3439.png	뤏
images/img_3440.png	뤐
images/img_3441.png	뤑
images/img_3442.png	뤒
images/img_3443.png	뤓
images/img_3444.png	뤔
images/img_3445.png	뤕
images/img_3446.png	뤖
images/img_3447.png	뤗
images/img_3448.png	뤘
images/img_3449.png	뤙
images/img_3450.png	뤚
images/img_3451.png	뤛
images/img_3452.png	뤜
images/img_3453.png	뤝
images/img_3454.png	뤞
images/img_3455.png	뤟
images/img_3456.png	뤠
images/img_3457.png	뤡
images/img_3458.png	뤢
images/img_3459.png	뤣
images/img_3460.png	뤤
images/img_3461.png	뤥
images/img_3462.png	뤦
images/img_3463.png	뤧
images/img_3464.png	뤨
images/img_3465.png	뤩
images/img_3466.png	뤪
images/img_3467.png	뤫
images/img_3468.png	뤬
images/img_3469.png	뤭
images/img_3470.png	뤮
images/img_3471.png	뤯
images/img_3472.png	뤰
images/img_3473.png	뤱
images/img_3474.png	뤲
images/img_3475.png	뤳
images/img_3476.png	뤴
images/img_3477.png	뤵
images/img_3478.png	뤶
images/img_3479.png	뤷
images/img_3480.png	뤸
images/img_3481.png	뤹
images/img_3482.png	뤺
images/img_3483.png	뤻
images/img_3484.png	뤼
images/img_3485.png	뤽
images/img_3486.png	뤾
images/img_3487.png	뤿
images/img_3488.png	륀
images/img_3489.png	륁
images/img_3490.png	륂
images/img_3491.png	륃
images/img_3492.png	륄
images/img_3493.png	륅
images/img_3494.png	륆
images/img_3495.png	륇
images/img_3496.png	륈
images/img_3497.png	륉
images/img_3498.png	륊
images/img_3499.png	륋
images/img_3500.png	륌
images/img_3501.png	륍
images/img_3502.png	륎
images/img_3503.png	륏
images/img_3504.png	륐
images/img_3505.png	륑
images/img_3506.png	륒
images/img_3507.png	륓
images/img_3508.png	륔
images/img_3509.png	륕
images/img_3510.png	륖
images/img_3511.png	륗
images/img_3512.png	류
images/img_3513.png	륙
images/img_3514.png	륚
images/img_3515.png	륛
images/img_3516.png	륜
images/img_3517.png	륝
images/img_3518.png	륞
images/img_3519.png	륟
images/img_3520.png	률
images/img_3521.png	륡
images/img_3522.png	륢
images/img_3523.png	륣
images/img_3524.png	륤
images/img_3525.png	륥
images/img_3526.png	륦
images/img_3527.png	륧
images/img_3528.png	륨
images/img_3529.png	륩
images/img_3530.png	륪
images/img_3531.png	륫
images/img_3532.png	륬
images/img_3533.png	륭
images/img_3534.png	륮
images/img_3535.png	륯
images/img_3536.png	륰
images/img_3537.png	륱
images/img_3538.png	륲
images/img_3539.png	륳
images/img_3540.png	르
images/img_3541.png	륵
images/img_3542.png	륶
images/img_3543.png	륷
images/img_3544.png	른
images/img_3545.png	륹
images/img_3546.png	륺
images/img_3547.png	륻
images/img_3548.png	를
images/img_3549.png	륽
images/img_3550.png	륾
images/img_3551.png	륿
images/img_3552.png	릀
images/img_3553.png	릁
images/img_3554.png	릂
images/img_3555.png	릃
images/img_3556.png	름
images/img_3557.png	릅
images/img_3558.png	릆
images/img_3559.png	릇
images/img_3560.png	릈
images/img_3561.png	릉
images/img_3562.png	릊
images/img_3563.png	릋
images/img_3564.png	릌
images/img_3565.png	릍
images/img_3566.png	릎
images/img_3567.png	릏
images/img_3568.png	릐
images/img_3569.png	릑
images/img_3570.png	릒
images/img_3571.png	릓
images/img_3572.png	릔
images/img_3573.png	릕
images/img_3574.png	릖
images/img_3575.png	릗
images/img_3576.png	릘
images/img_3577.png	릙
images/img_3578.png	릚
images/img_3579.png	릛
images/img_3580.png	릜
images/img_3581.png	릝
images/img_3582.png	릞
images/img_3583.png	릟
images/img_3584.png	릠
images/img_3585.png	릡
images/img_3586.png	릢
images/img_3587.png	릣
images/img_3588.png	릤
images/img_3589.png	릥
images/img_3590.png	릦
images/img_3591.png	릧
images/img_3592.png	릨
images/img_3593.png	릩
images/img_3594.png	릪
images/img_3595.png	릫
images/img_3596.png	리
images/img_3597.png	릭
images/img_3598.png	릮
images/img_3599.png	릯
images/img_3600.png	린
images/img_3601.png	릱
images/img_3602.png	릲
images/img_3603.png	릳
images/img_3604.png	릴
images/img_3605.png	릵
images/img_3606.png	릶
images/img_3607.png	릷
images/img_3608.png	릸
images/img_3609.png	릹
images/img_3610.png	릺
images/img_3611.png	릻
images/img_3612.png	림
images/img_3613.png	립
images/img_3614.png	릾
images/img_3615.png	릿
images/img_3616.png	맀
images/img_3617.png	링
images/img_3618.png	맂
images/img_3619.png	맃
images/img_3620.png	맄
images/img_3621.png	맅
images/img_3622.png	맆
images/img_3623.png	맇
images/img_3624.png	마
images/img_3625.png	막
images/img_3626.png	맊
images/img_3627.png	맋
images/img_3628.png	만
images/img_3629.png	맍
images/img_3630.png	많
images/img_3631.png	맏
images/img_3632.png	말
images/img_3633.png	맑
images/img_3634.png	맒
images/img_3635.png	맓
images/img_3636.png	맔
images/img_3637.png	맕
images/img_3638.png	맖
images/img_3639.png	맗
images/img_3640.png	맘
images/img_3641.png	맙
images/img_3642.png	맚
images/img_3643.png	맛
images/img_3644.png	맜
images/img_3645.png	망
images/img_3646.png	맞
images/img_3647.png	맟
images/img_3648.png	맠
images/img_3649.png	맡
images/img_3650.png	맢
images/img_3651.png	맣
images/img_3652.png	매
images/img_3653.png	맥
images/img_3654.png	맦
images/img_3655.png	맧
images/img_3656.png	맨
images/img_3657.png	맩
images/img_3658.png	맪
images/img_3659.png	맫
images/img_3660.png	맬
images/img_3661.png	맭
images/img_3662.png	맮
images/img_3663.png	맯
images/img_3664.png	맰
images/img_3665.png	맱
images/img_3666.png	맲
images/img_3667.png	맳
images/img_3668.png	맴
images/img_3669.png	맵
images/img_3670.png	맶
images/img_3671.png	맷
images/img_3672.png	맸
images/img_3673.png	맹
images/img_3674.png	맺
images/img_3675.png	맻
images/img_3676.png	맼
images/img_3677.png	맽
images/img_3678.png	맾
images/img_3679.png	맿
images/img_3680.png	먀
images/img_3681.png	먁
images/img_3682.png	먂
images/img_3683.png	먃
images/img_3684.png	먄
images/img_3685.png	먅
images/img_3686.png	먆
images/img_3687.png	먇
images/img_3688.png	먈
images/img_3689.png	먉
images/img_3690.png	먊
images/img_3691.png	먋
images/img_3692.png	먌
images/img_3693.png	먍
images/img_3694.png	먎
images/img_3695.png	먏
images/img_3696.png	먐
images/img_3697.png	먑
images/img_3698.png	먒
images/img_3699.png	먓
images/img_3700.png	먔
images/img_3701.png	먕
images/img_3702.png	먖
images/img_3703.png	먗
images/img_3704.png	먘
images/img_3705.png	먙
images/img_3706.png	먚
images/img_3707.png	먛
images/img_3708.png	먜
images/img_3709.png	먝
images/img_3710.png	먞
images/img_3711.png	먟
images/img_3712.png	먠
images/img_3713.png	먡
images/img_3714.png	먢
images/img_3715.png	먣
images/img_3716.png	먤
images/img_3717.png	먥
images/img_3718.png	먦
images/img_3719.png	먧
images/img_3720.png	먨
images/img_3721.png	먩
images/img_3722.png	먪
images/img_3723.png	먫
images/img_3724.png	먬
images/img_3725.png	먭
images/img_3726.png	먮
images/img_3727.png	먯
images/img_3728.png	먰
images/img_3729.png	먱
images/img_3730.png	먲
images/img_3731.png	먳
images/img_3732.png	먴
images/img_3733.png	먵
images/img_3734.png	먶
images/img_3735.png	먷
images/img_3736.png	머
images/img_3737.png	먹
images/img_3738.png	먺
images/img_3739.png	먻
images/img_3740.png	먼
images/img_3741.png	먽
images/img_3742.png	먾
images/img_3743.png	먿
images/img_3744.png	멀
images/img_3745.png	멁
images/img_3746.png	멂
images/img_3747.png	멃
images/img_3748.png	멄
images/img_3749.png	멅
images/img_3750.png	멆
images/img_3751.png	멇
images/img_3752.png	멈
images/img_3753.png	멉
images/img_3754.png	멊
images/img_3755.png	멋
images/img_3756.png	멌
images/img_3757.png	멍
images/img_3758.png	멎
images/img_3759.png	멏
images/img_3760.png	멐
images/img_3761.png	멑
images/img_3762.png	멒
images/img_3763.png	멓
images/img_3764.png	메
images/img_3765.png	멕
images/img_3766.png	멖
images/img_3767.png	멗
images/img_3768.png	멘
images/img_3769.png	멙
images/img_3770.png	멚
images/img_3771.png	멛
images/img_3772.png	멜
images/img_3773.png	멝
images/img_3774.png	멞
images/img_3775.png	멟
images/img_3776.png	멠
images/img_3777.png	멡
images/img_3778.png	멢
images/img_3779.png	멣
images/img_3780.png	멤
images/img_3781.png	멥
images/img_3782.png	멦
images/img_3783.png	멧
images/img_3784.png	멨
images/img_3785.png	멩
images/img_3786.png	멪
images/img_3787.png	멫
images/img_3788.png	멬
images/img_3789.png	멭
images/img_3790.png	멮
images/img_3791.png	멯
images/img_3792.png	며
images/img_3793.png	멱
images/img_3794.png	멲
images/img_3795.png	멳
images/img_3796.png	면
images/img_3797.png	멵
images/img_3798.png	멶
images/img_3799.png	멷
images/img_3800.png	멸
images/img_3801.png	멹
images/img_3802.png	멺
images/img_3803.png	멻
images/img_3804.png	멼
images/img_3805.png	멽
images/img_3806.png	멾
images/img_3807.png	멿
images/img_3808.png	몀
images/img_3809.png	몁
images/img_3810.png	몂
images/img_3811.png	몃
images/img_3812.png	몄
images/img_3813.png	명
images/img_3814.png	몆
images/img_3815.png	몇
images/img_3816.png	몈
images/img_3817.png	몉
images/img_3818.png	몊
images/img_3819.png	몋
images/img_3820.png	몌
images/img_3821.png	몍
images/img_3822.png	몎
images/img_3823.png	몏
images/img_3824.png	몐
images/img_3825.png	몑
images/img_3826.png	몒
images/img_3827.png	몓
images/img_3828.png	몔
images/img_3829.png	몕
images/img_3830.png	몖
images/img_3831.png	몗
images/img_3832.png	몘
images/img_3833.png	몙
images/img_3834.png	몚
images/img_3835.png	몛
images/img_3836.png	몜
images/img_3837.png	몝
images/img_3838.png	몞
images/img_3839.png	몟
images/img_3840.png	몠
images/img_3841.png	몡
images/img_3842.png	몢
images/img_3843.png	몣
images/img_3844.png	몤
images/img_3845.png	몥
images/img_3846.png	몦
images/img_3847.png	몧
images/img_3848.png	모
images/img_3849.png	목
images/img_3850.png	몪
images/img_3851.png	몫
images/img_3852.png	몬
images/img_3853.png	몭
images/img_3854.png	몮
images/img_3855.png	몯
images/img_3856.png	몰
images/img_3857.png	몱
images/img_3858.png	몲
images/img_3859.png	몳
images/img_3860.png	몴
images/img_3861.png	몵
images/img_3862.png	몶
images/img_3863.png	몷
images/img_3864.png	몸
images/img_3865.png	몹
images/img_3866.png	몺
images/img_3867.png	못
images/img_3868.png	몼
images/img_3869.png	몽
images/img_3870.png	몾
images/img_3871.png	몿
images/img_3872.png	뫀
images/img_3873.png	뫁
images/img_3874.png	뫂
images/img_3875.png	뫃
images/img_3876.png	뫄
images/img_3877.png	뫅
images/img_3878.png	뫆
images/img_3879.png	뫇
images/img_3880.png	뫈
images/img_3881.png	뫉
images/img_3882.png	뫊
images/img_3883.png	뫋
images/img_3884.png	뫌
images/img_3885.png	뫍
images/img_3886.png	뫎
images/img_3887.png	뫏
images/img_3888.png	뫐
images/img_3889.png	뫑
images/img_3890.png	뫒
images/img_3891.png	뫓
images/img_3892.png	뫔
images/img_3893.png	뫕
images/img_3894.png	뫖
images/img_3895.png	뫗
images/img_3896.png	뫘
images/img_3897.png	뫙
images/img_3898.png	뫚
images/img_3899.png	뫛
images/img_3900.png	뫜
images/img_3901.png	뫝
images/img_3902.png	뫞
images/img_3903.png	뫟
images/img_3904.png	뫠
images/img_3905.png	뫡
images/img_3906.png	뫢
images/img_3907.png	뫣
images/img_3908.png	뫤
images/img_3909.png	뫥
images/img_3910.png	뫦
images/img_3911.png	뫧
images/img_3912.png	뫨
images/img_3913.png	뫩
images/img_3914.png	뫪
images/img_3915.png	뫫
images/img_3916.png	뫬
images/img_3917.png	뫭
images/img_3918.png	뫮
images/img_3919.png	뫯
images/img_3920.png	뫰
images/img_3921.png	뫱
images/img_3922.png	뫲
images/img_3923.png	뫳
images/img_3924.png	뫴
images/img_3925.png	뫵
images/img_3926.png	뫶
images/img_3927.png	뫷
images/img_3928.png	뫸
images/img_3929.png	뫹
images/img_3930.png	뫺
images/img_3931.png	뫻
images/img_3932.png	뫼
images/img_3933.png	뫽
images/img_3934.png	뫾
images/img_3935.png	뫿
images/img_3936.png	묀
images/img_3937.png	묁
images/img_3938.png	묂
images/img_3939.png	묃
images/img_3940.png	묄
images/img_3941.png	묅
images/img_3942.png	묆
images/img_3943.png	묇
images/img_3944.png	묈
images/img_3945.png	묉
images/img_3946.png	묊
images/img_3947.png	묋
images/img_3948.png	묌
images/img_3949.png	묍
images/img_3950.png	묎
images/img_3951.png	묏
images/img_3952.png	묐
images/img_3953.png	묑
images/img_3954.png	묒
images/img_3955.png	묓
images/img_3956.png	묔
images/img_3957.png	묕
images/img_3958.png	묖
images/img_3959.png	묗
images/img_3960.png	묘
images/img_3961.png	묙
images/img_3962.png	묚
images/img_3963.png	묛
images/img_3964.png	묜
images/img_3965.png	묝
images/img_3966.png	묞
images/img_3967.png	묟
images/img_3968.png	묠
images/img_3969.png	묡
images/img_3970.png	묢
images/img_3971.png	묣
images/img_3972.png	묤
images/img_3973.png	묥
images/img_3974.png	묦
images/img_3975.png	묧
images/img_3976.png	묨
images/img_3977.png	묩
images/img_3978.png	묪
images/img_3979.png	묫
images/img_3980.png	묬
images/img_3981.png	묭
images/img_3982.png	묮
images/img_3983.png	묯
images/img_3984.png	묰
images/img_3985.png	묱
images/img_3986.png	묲
images/img_3987.png	묳
images/img_3988.png	무
images/img_3989.png	묵
images/img_3990.png	묶
images/img_3991.png	묷
images/img_3992.png	문
images/img_3993.png	묹
images/img_3994.png	묺
images/img_3995.png	묻
images/img_3996.png	물
images/img_3997.png	묽
images/img_3998.png	묾
images/img_3999.png	묿
images/img_4000.png	뭀
images/img_4001.png	뭁
images/img_4002.png	뭂
images/img_4003.png	뭃
images/img_4004.png	뭄
images/img_4005.png	뭅
images/img_4006.png	뭆
images/img_4007.png	뭇
images/img_4008.png	뭈
images/img_4009.png	뭉
images/img_4010.png	뭊
images/img_4011.png	뭋
images/img_4012.png	뭌
images/img_4013.png	뭍
images/img_4014.png	뭎
images/img_4015.png	뭏
images/img_4016.png	뭐
images/img_4017.png	뭑
images/img_4018.png	뭒
images/img_4019.png	뭓
images/img_4020.png	뭔
images/img_4021.png	뭕
images/img_4022.png	뭖
images/img_4023.png	뭗
images/img_4024.png	뭘
images/img_4025.png	뭙
images/img_4026.png	뭚
images/img_4027.png	뭛
images/img_4028.png	뭜
images/img_4029.png	뭝
images/img_4030.png	뭞
images/img_4031.png	뭟
images/img_4032.png	뭠
images/img_4033.png	뭡
images/img_4034.png	뭢
images/img_4035.png	뭣
images/img_4036.png	뭤
images/img_4037.png	뭥
images/img_4038.png	뭦
images/img_4039.png	뭧
images/img_4040.png	뭨
images/img_4041.png	뭩
images/img_4042.png	뭪
images/img_4043.png	뭫
images/img_4044.png	뭬
images/img_4045.png	뭭
images/img_4046.png	뭮
images/img_4047.png	뭯
images/img_4048.png	뭰
images/img_4049.png	뭱
images/img_4050.png	뭲
images/img_4051.png	뭳
images/img_4052.png	뭴
images/img_4053.png	뭵
images/img_4054.png	뭶
images/img_4055.png	뭷
images/img_4056.png	뭸
images/img_4057.png	뭹
images/img_4058.png	뭺
images/img_4059.png	뭻
images/img_4060.png	뭼
images/img_4061.png	뭽
images/img_4062.png	뭾
images/img_4063.png	뭿
images/img_4064.png	뮀
images/img_4065.png	뮁
images/img_4066.png	뮂
images/img_4067.png	뮃
images/img_4068.png	뮄
images/img_4069.png	뮅
images/img_4070.png	뮆
images/img_4071.png	뮇
images/img_4072.png	뮈
images/img_4073.png	뮉
images/img_4074.png	뮊
images/img_4075.png	뮋
images/img_4076.png	뮌
images/img_4077.png	뮍
images/img_4078.png	뮎
images/img_4079.png	뮏
images/img_4080.png	뮐
images/img_4081.png	뮑
images/img_4082.png	뮒
images/img_4083.png	뮓
images/img_4084.png	뮔
images/img_4085.png	뮕
images/img_4086.png	뮖
images/img_4087.png	뮗
images/img_4088.png	뮘
images/img_4089.png	뮙
images/img_4090.png	뮚
images/img_4091.png	뮛
images/img_4092.png	뮜
images/img_4093.png	뮝
images/img_4094.png	뮞
images/img_4095.png	뮟
images/img_4096.png	뮠
images/img_4097.png	뮡
images/img_4098.png	뮢
images/img_4099.png	뮣
images/img_4100.png	뮤
images/img_4101.png	뮥
images/img_4102.png	뮦
images/img_4103.png	뮧
images/img_4104.png	뮨
images/img_4105.png	뮩
images/img_4106.png	뮪
images/img_4107.png	뮫
images/img_4108.png	뮬
images/img_4109.png	뮭
images/img_4110.png	뮮
images/img_4111.png	뮯
images/img_4112.png	뮰
images/img_4113.png	뮱
images/img_4114.png	뮲
images/img_4115.png	뮳
images/img_4116.png	뮴
images/img_4117.png	뮵
images/img_4118.png	뮶
images/img_4119.png	뮷
images/img_4120.png	뮸
images/img_4121.png	뮹
images/img_4122.png	뮺
images/img_4123.png	뮻
images/img_4124.png	뮼
images/img_4125.png	뮽
images/img_4126.png	뮾
images/img_4127.png	뮿
images/img_4128.png	므
images/img_4129.png	믁
images/img_4130.png	믂
images/img_4131.png	믃
images/img_4132.png	믄
images/img_4133.png	믅
images/img_4134.png	믆
images/img_4135.png	믇
images/img_4136.png	믈
images/img_4137.png	믉
images/img_4138.png	믊
images/img_4139.png	믋
images/img_4140.png	믌
images/img_4141.png	믍
images/img_4142.png	믎
images/img_4143.png	믏
images/img_4144.png	믐
images/img_4145.png	믑
images/img_4146.png	믒
images/img_4147.png	믓
images/img_4148.png	믔
images/img_4149.png	믕
images/img_4150.png	믖
images/img_4151.png	믗
images/img_4152.png	믘
images/img_4153.png	믙
images/img_4154.png	믚
images/img_4155.png	믛
images/img_4156.png	믜
images/img_4157.png	믝
images/img_4158.png	믞
images/img_4159.png	믟
images/img_4160.png	믠
images/img_4161.png	믡
images/img_4162.png	믢
images/img_4163.png	믣
images/img_4164.png	믤
images/img_4165.png	믥
images/img_4166.png	믦
images/img_4167.png	믧
images/img_4168.png	믨
images/img_4169.png	믩
images/img_4170.png	믪
images/img_4171.png	믫
images/img_4172.png	믬
images/img_4173.png	믭
images/img_4174.png	믮
images/img_4175.png	믯
images/img_4176.png	믰
images/img_4177.png	믱
images/img_4178.png	믲
images/img_4179.png	믳
images/img_4180.png	믴
images/img_4181.png	믵
images/img_4182.png	믶
images/img_4183.png	믷
images/img_4184.png	미
images/img_4185.png	믹
images/img_4186.png	믺
images/img_4187.png	믻
images/img_4188.png	민
images/img_4189.png	믽
images/img_4190.png	믾
images/img_4191.png	믿
images/img_4192.png	밀
images/img_4193.png	밁
images/img_4194.png	밂
images/img_4195.png	밃
images/img_4196.png	밄
images/img_4197.png	밅
images/img_4198.png	밆
images/img_4199.png	밇
images/img_4200.png	밈
images/img_4201.png	밉
images/img_4202.png	밊
images/img_4203.png	밋
images/img_4204.png	밌
images/img_4205.png	밍
images/img_4206.png	밎
images/img_4207.png	및
images/img_4208.png	밐
images/img_4209.png	밑
images/img_4210.png	밒
images/img_4211.png	밓
images/img_4212.png	바
images/img_4213.png	박
images/img_4214.png	밖
images/img_4215.png	밗
images/img_4216.png	반
images/img_4217.png	밙
images/img_4218.png	밚
images/img_4219.png	받
images/img_4220.png	발
images/img_4221.png	밝
images/img_4222.png	밞
images/img_4223.png	밟
images/img_4224.png	밠
images/img_4225.png	밡
images/img_4226.png	밢
images/img_4227.png	밣
images/img_4228.png	밤
images/img_4229.png	밥
images/img_4230.png	밦
images/img_4231.png	밧
images/img_4232.png	밨
images/img_4233.png	방
images/img_4234.png	밪
images/img_4235.png	밫
images/img_4236.png	밬
images/img_4237.png	밭
images/img_4238.png	밮
images/img_4239.png	밯
images/img_4240.png	배
images/img_4241.png	백
images/img_4242.png	밲
images/img_4243.png	밳
images/img_4244.png	밴
images/img_4245.png	밵
images/img_4246.png	밶
images/img_4247.png	밷
images/img_4248.png	밸
images/img_4249.png	밹
images/img_4250.png	밺
images/img_4251.png	밻
images/img_4252.png	밼
images/img_4253.png	밽
images/img_4254.png	밾
images/img_4255.png	밿
images/img_4256.png	뱀
images/img_4257.png	뱁
images/img_4258.png	뱂
images/img_4259.png	뱃
images/img_4260.png	뱄
images/img_4261.png	뱅
images/img_4262.png	뱆
images/img_4263.png	뱇
images/img_4264.png	뱈
images/img_4265.png	뱉
images/img_4266.png	뱊
images/img_4267.png	뱋
images/img_4268.png	뱌
images/img_4269.png	뱍
images/img_4270.png	뱎
images/img_4271.png	뱏
images/img_4272.png	뱐
images/img_4273.png	뱑
images/img_4274.png	뱒
images/img_4275.png	뱓
images/img_4276.png	뱔
images/img_4277.png	뱕
images/img_4278.png	뱖
images/img_4279.png	뱗
images/img_4280.png	뱘
images/img_4281.png	뱙
images/img_4282.png	뱚
images/img_4283.png	뱛
images/img_4284.png	뱜
images/img_4285.png	뱝
images/img_4286.png	뱞
images/img_4287.png	뱟
images/img_4288.png	뱠
images/img_4289.png	뱡
images/img_4290.png	뱢
images/img_4291.png	뱣
images/img_4292.png	뱤
images/img_4293.png	뱥
images/img_4294.png	뱦
images/img_4295.png	뱧
images/img_4296.png	뱨
images/img_4297.png	뱩
images/img_4298.png	뱪
images/img_4299.png	뱫
images/img_4300.png	뱬
images/img_4301.png	뱭
images/img_4302.png	뱮
images/img_4303.png	뱯
images/img_4304.png	뱰
images/img_4305.png	뱱
images/img_4306.png	뱲
images/img_4307.png	뱳
images/img_4308.png	뱴
images/img_4309.png	뱵
images/img_4310.png	뱶
images/img_4311.png	뱷
images/img_4312.png	뱸
images/img_4313.png	뱹
images/img_4314.png	뱺
images/img_4315.png	뱻
images/img_4316.png	뱼
images/img_4317.png	뱽
images/img_4318.png	뱾
images/img_4319.png	뱿
images/img_4320.png	벀
images/img_4321.png	벁
images/img_4322.png	벂
images/img_4323.png	벃
images/img_4324.png	버
images/img_4325.png	벅
images/img_4326.png	벆
images/img_4327.png	벇
images/img_4328.png	번
images/img_4329.png	벉
images/img_4330.png	벊
images/img_4331.png	벋
images/img_4332.png	벌
images/img_4333.png	벍
images/img_4334.png	벎
images/img_4335.png	벏
images/img_4336.png	벐
images/img_4337.png	벑
images/img_4338.png	벒
images/img_4339.png	벓
images/img_4340.png	범
images/img_4341.png	법
images/img_4342.png	벖
images/img_4343.png	벗
images/img_4344.png	벘
images/img_4345.png	벙
images/img_4346.png	벚
images/img_4347.png	벛
images/img_4348.png	벜
images/img_4349.png	벝
images/img_4350.png	벞
images/img_4351.png	벟
images/img_4352.png	베
images/img_4353.png	벡
images/img_4354.png	벢
images/img_4355.png	벣
images/img_4356.png	벤
images/img_4357.png	벥
images/img_4358.png	벦
images/img_4359.png	벧
images/img_4360.png	벨
images/img_4361.png	벩
images/img_4362.png	벪
images/img_4363.png	벫
images/img_4364.png	벬
images/img_4365.png	벭
images/img_4366.png	벮
images/img_4367.png	벯
images/img_4368.png	벰
images/img_4369.png	벱
images/img_4370.png	벲
images/img_4371.png	벳
images/img_4372.png	벴
images/img_4373.png	벵
images/img_4374.png	벶
images/img_4375.png	벷
images/img_4376.png	벸
images/img_4377.png	벹
images/img_4378.png	벺
images/img_4379.png	벻
images/img_4380.png	벼
images/img_4381.png	벽
images/img_4382.png	벾
images/img_4383.png	벿
images/img_4384.png	변
images/img_4385.png	볁
images/img_4386.png	볂
images/img_4387.png	볃
images/img_4388.png	별
images/img_4389.png	볅
images/img_4390.png	볆
images/img_4391.png	볇
images/img_4392.png	볈
images/img_4393.png	볉
images/img_4394.png	볊
images/img_4395.png	볋
images/img_4396.png	볌
images/img_4397.png	볍
images/img_4398.png	볎
images/img_4399.png	볏
images/img_4400.png	볐
images/img_4401.png	병
images/img_4402.png	볒
images/img_4403.png	볓
images/img_4404.png	볔
images/img_4405.png	볕
images/img_4406.png	볖
images/img_4407.png	볗
images/img_4408.png	볘
images/img_4409.png	볙
images/img_4410.png	볚
images/img_4411.png	볛
images/img_4412.png	볜
images/img_4413.png	볝
images/img_4414.png	볞
images/img_4415.png	볟
images/img_4416.png	볠
images/img_4417.png	볡
images/img_4418.png	볢
images/img_4419.png	볣
images/img_4420.png	볤
images/img_4421.png	볥
images/img_4422.png	볦
images/img_4423.png	볧
images/img_4424.png	볨
images/img_4425.png	볩
images/img_4426.png	볪
images/img_4427.png	볫
images/img_4428.png	볬
images/img_4429.png	볭
images/img_4430.png	볮
images/img_4431.png	볯
images/img_4432.png	볰
images/img_4433.png	볱
images/img_4434.png	볲
images/img_4435.png	볳
images/img_4436.png	보
images/img_4437.png	복
images/img_4438.png	볶
images/img_4439.png	볷
images/img_4440.png	본
images/img_4441.png	볹
images/img_4442.png	볺
images/img_4443.png	볻
images/img_4444.png	볼
images/img_4445.png	볽
images/img_4446.png	볾
images/img_4447.png	볿
images/img_4448.png	봀
images/img_4449.png	봁
images/img_4450.png	봂
images/img_4451.png	봃
images/img_4452.png	봄
images/img_4453.png	봅
images/img_4454.png	봆
images/img_4455.png	봇
images/img_4456.png	봈
images/img_4457.png	봉
images/img_4458.png	봊
images/img_4459.png	봋
images/img_4460.png	봌
images/img_4461.png	봍
images/img_4462.png	봎
images/img_4463.png	봏
images/img_4464.png	봐
images/img_4465.png	봑
images/img_4466.png	봒
images/img_4467.png	봓
images/img_4468.png	봔
images/img_4469.png	봕
images/img_4470.png	봖
images/img_4471.png	봗
images/img_4472.png	봘
images/img_4473.png	봙
images/img_4474.png	봚
images/img_4475.png	봛
images/img_4476.png	봜
images/img_4477.png	봝
images/img_4478.png	봞
images/img_4479.png	봟
images/img_4480.png	봠
images/img_4481.png	봡
images/img_4482.png	봢
images/img_4483.png	봣
images/img_4484.png	봤
images/img_4485.png	봥
images/img_4486.png	봦
images/img_4487.png	봧
images/img_4488.png	봨
images/img_4489.png	봩
images/img_4490.png	봪
images/img_4491.png	봫
images/img_4492.png	봬
images/img_4493.png	봭
images/img_4494.png	봮
images/img_4495.png	봯
images/img_4496.png	봰
images/img_4497.png	봱
images/img_4498.png	봲
images/img_4499.png	봳
images/img_4500.png	봴
images/img_4501.png	봵
images/img_4502.png	봶
images/img_4503.png	봷
images/img_4504.png	봸
images/img_4505.png	봹
images/img_4506.png	봺
images/img_4507.png	봻
images/img_4508.png	봼
images/img_4509.png	봽
images/img_4510.png	봾
images/img_4511.png	봿
images/img_4512.png	뵀
images/img_4513.png	뵁
images/img_4514.png	뵂
images/img_4515.png	뵃
images/img_4516.png	뵄
images/img_4517.png	뵅
images/img_4518.png	뵆
images/img_4519.png	뵇
images/img_4520.png	뵈
images/img_4521.png	뵉
images/img_4522.png	뵊
images/img_4523.png	뵋
images/img_4524.png	뵌
images/img_4525.png	뵍
images/img_4526.png	뵎
images/img_4527.png	뵏
images/img_4528.png	뵐
images/img_4529.png	뵑
images/img_4530.png	뵒
images/img_4531.png	뵓
images/img_4532.png	뵔
images/img_4533.png	뵕
images/img_4534.png	뵖
images/img_4535.png	뵗
images/img_4536.png	뵘
images/img_4537.png	뵙
images/img_4538.png	뵚
images/img_4539.png	뵛
images/img_4540.png	뵜
images/img_4541.png	뵝
images/img_4542.png	뵞
images/img_4543.png	뵟
images/img_4544.png	뵠
images/img_4545.png	뵡
images/img_4546.png	뵢
images/img_4547.png	뵣
images/img_4548.png	뵤
images/img_4549.png	뵥
images/img_4550.png	뵦
images/img_4551.png	뵧
images/img_4552.png	뵨
images/img_4553.png	뵩
images/img_4554.png	뵪
images/img_4555.png	뵫
images/img_4556.png	뵬
images/img_4557.png	뵭
images/img_4558.png	뵮
images/img_4559.png	뵯
images/img_4560.png	뵰
images/img_4561.png	뵱
images/img_4562.png	뵲
images/img_4563.png	뵳
images/img_4564.png	뵴
images/img_4565.png	뵵
images/img_4566.png	뵶
images/img_4567.png	뵷
images/img_4568.png	뵸
images/img_4569.png	뵹
images/img_4570.png	뵺
images/img_4571.png	뵻
images/img_4572.png	뵼
images/img_4573.png	뵽
images/img_4574.png	뵾
images/img_4575.png	뵿
images/img_4576.png	부
images/img_4577.png	북
images/img_4578.png	붂
images/img_4579.png	붃
images/img_4580.png	분
images/img_4581.png	붅
images/img_4582.png	붆
images/img_4583.png	붇
images/img_4584.png	불
images/img_4585.png	붉
images/img_4586.png	붊
images/img_4587.png	붋
images/img_4588.png	붌
images/img_4589.png	붍
images/img_4590.png	붎
images/img_4591.png	붏
images/img_4592.png	붐
images/img_4593.png	붑
images/img_4594.png	붒
images/img_4595.png	붓
images/img_4596.png	붔
images/img_4597.png	붕
images/img_4598.png	붖
images/img_4599.png	붗
images/img_4600.png	붘
images/img_4601.png	붙
images/img_4602.png	붚
images/img_4603.png	붛
images/img_4604.png	붜
images/img_4605.png	붝
images/img_4606.png	붞
images/img_4607.png	붟
images/img_4608.png	붠
images/img_4609.png	붡
images/img_4610.png	붢
images/img_4611.png	붣
images/img_4612.png	붤
images/img_4613.png	붥
images/img_4614.png	붦
images/img_4615.png	붧
images/img_4616.png	붨
images/img_4617.png	붩
images/img_4618.png	붪
images/img_4619.png	붫
images/img_4620.png	붬
images/img_4621.png	붭
images/img_4622.png	붮
images/img_4623.png	붯
images/img_4624.png	붰
images/img_4625.png	붱
images/img_4626.png	붲
images/img_4627.png	붳
images/img_4628.png	붴
images/img_4629.png	붵
images/img_4630.png	붶
images/img_4631.png	붷
images/img_4632.png	붸
images/img_4633.png	붹
images/img_4634.png	붺
images/img_4635.png	붻
images/img_4636.png	붼
images/img_4637.png	붽
images/img_4638.png	붾
images/img_4639.png	붿
images/img_4640.png	뷀
images/img_4641.png	뷁
images/img_4642.png	뷂
images/img_4643.png	뷃
images/img_4644.png	뷄
images/img_4645.png	뷅
images/img_4646.png	뷆
images/img_4647.png	뷇
images/img_4648.png	뷈
images/img_4649.png	뷉
images/img_4650.png	뷊
images/img_4651.png	뷋
images/img_4652.png	뷌
images/img_4653.png	뷍
images/img_4654.png	뷎
images/img_4655.png	뷏
images/img_4656.png	뷐
images/img_4657.png	뷑
images/img_4658.png	뷒
images/img_4659.png	뷓
images/img_4660.png	뷔
images/img_4661.png	뷕
images/img_4662.png	뷖
images/img_4663.png	뷗
images/img_4664.png	뷘
images/img_4665.png	뷙
images/img_4666.png	뷚
images/img_4667.png	뷛
images/img_4668.png	뷜
images/img_4669.png	뷝
images/img_4670.png	뷞
images/img_4671.png	뷟
images/img_4672.png	뷠
images/img_4673.png	뷡
images/img_4674.png	뷢
images/img_4675.png	뷣
images/img_4676.png	뷤
images/img_4677.png	뷥
images/img_4678.png	뷦
images/img_4679.png	뷧
images/img_4680.png	뷨
images/img_4681.png	뷩
images/img_4682.png	뷪
images/img_4683.png	뷫
images/img_4684.png	뷬
images/img_4685.png	뷭
images/img_4686.png	뷮
images/img_4687.png	뷯
images/img_4688.png	뷰
images/img_4689.png	뷱
images/img_4690.png	뷲
images/img_4691.png	뷳
images/img_4692.png	뷴
images/img_4693.png	뷵
images/img_4694.png	뷶
images/img_4695.png	뷷
images/img_4696.png	뷸
images/img_4697.png	뷹
images/img_4698.png	뷺
images/img_4699.png	뷻
images/img_4700.png	뷼
images/img_4701.png	뷽
images/img_4702.png	뷾
images/img_4703.png	뷿
images/img_4704.png	븀
images/img_4705.png	븁
images/img_4706.png	븂
images/img_4707.png	븃
images/img_4708.png	븄
images/img_4709.png	븅
images/img_4710.png	븆
images/img_4711.png	븇
images/img_4712.png	븈
images/img_4713.png	븉
images/img_4714.png	븊
images/img_4715.png	븋
images/img_4716.png	브
images/img_4717.png	븍
images/img_4718.png	븎
images/img_4719.png	븏
images/img_4720.png	븐
images/img_4721.png	븑
images/img_4722.png	븒
images/img_4723.png	븓
images/img_4724.png	블
images/img_4725.png	븕
images/img_4726.png	븖
images/img_4727.png	븗
images/img_4728.png	븘
images/img_4729.png	븙
images/img_4730.png	븚
images/img_4731.png	븛
images/img_4732.png	븜
images/img_4733.png	븝
images/img_4734.png	븞
images/img_4735.png	븟
images/img_4736.png	븠
images/img_4737.png	븡
images/img_4738.png	븢
images/img_4739.png	븣
images/img_4740.png	븤
images/img_4741.png	븥
images/img_4742.png	븦
images/img_4743.png	븧
images/img_4744.png	븨
images/img_4745.png	븩
images/img_4746.png	븪
images/img_4747.png	븫
images/img_4748.png	븬
images/img_4749.png	븭
images/img_4750.png	븮
images/img_4751.png	븯
images/img_4752.png	븰
images/img_4753.png	븱
images/img_4754.png	븲
images/img_4755.png	븳
images/img_4756.png	븴
images/img_4757.png	븵
images/img_4758.png	븶
images/img_4759.png	븷
images/img_4760.png	븸
images/img_4761.png	븹
images/img_4762.png	븺
images/img_4763.png	븻
images/img_4764.png	븼
images/img_4765.png	븽
images/img_4766.png	븾
images/img_4767.png	븿
images/img_4768.png	빀
images/img_4769.png	빁
images/img_4770.png	빂
images/img_4771.png	빃
images/img_4772.png	비
images/img_4773.png	빅
images/img_4774.png	빆
images/img_4775.png	빇
images/img_4776.png	빈
images/img_4777.png	빉
images/img_4778.png	빊
images/img_4779.png	빋
images/img_4780.png	빌
images/img_4781.png	빍
images/img_4782.png	빎
images/img_4783.png	빏
images/img_4784.png	빐
images/img_4785.png	빑
images/img_4786.png	빒
images/img_4787.png	빓
images/img_4788.png	빔
images/img_4789.png	빕
images/img_4790.png	빖
images/img_4791.png	빗
images/img_4792.png	빘
images/img_4793.png	빙
images/img_4794.png	빚
images/img_4795.png	빛
images/img_4796.png	빜
images/img_4797.png	빝
images/img_4798.png	빞
images/img_4799.png	빟
images/img_4800.png	빠
images/img_4801.png	빡
images/img_4802.png	빢
images/img_4803.png	빣
images/img_4804.png	빤
images/img_4805.png	빥
images/img_4806.png	빦
images/img_4807.png	빧
images/img_4808.png	빨
images/img_4809.png	빩
images/img_4810.png	빪
images/img_4811.png	빫
images/img_4812.png	빬
images/img_4813.png	빭
images/img_4814.png	빮
images/img_4815.png	빯
images/img_4816.png	빰
images/img_4817.png	빱
images/img_4818.png	빲
images/img_4819.png	빳
images/img_4820.png	빴
images/img_4821.png	빵
images/img_4822.png	빶
images/img_4823.png	빷
images/img_4824.png	빸
images/img_4825.png	빹
images/img_4826.png	빺
images/img_4827.png	빻
images/img_4828.png	빼
images/img_4829.png	빽
images/img_4830.png	빾
images/img_4831.png	빿
images/img_4832.png	뺀
images/img_4833.png	뺁
images/img_4834.png	뺂
images/img_4835.png	뺃
images/img_4836.png	뺄
images/img_4837.png	뺅
images/img_4838.png	뺆
images/img_4839.png	뺇
images/img_4840.png	뺈
images/img_4841.png	뺉
images/img_4842.png	뺊
images/img_4843.png	뺋
images/img_4844.png	뺌
images/img_4845.png	뺍
images/img_4846.png	뺎
images/img_4847.png	뺏
images/img_4848.png	뺐
images/img_4849.png	뺑
images/img_4850.png	뺒
images/img_4851.png	뺓
images/img_4852.png	뺔
images/img_4853.png	뺕
images/img_4854.png	뺖
images/img_4855.png	뺗
images/img_4856.png	뺘
images/img_4857.png	뺙
images/img_4858.png	뺚
images/img_4859.png	뺛
images/img_4860.png	뺜
images/img_4861.png	뺝
images/img_4862.png	뺞
images/img_4863.png	뺟
images/img_4864.png	뺠
images/img_4865.png	뺡
images/img_4866.png	뺢
images/img_4867.png	뺣
images/img_4868.png	뺤
images/img_4869.png	뺥
images/img_4870.png	뺦
images/img_4871.png	뺧
images/img_4872.png	뺨
images/img_4873.png	뺩
images/img_4874.png	뺪
images/img_4875.png	뺫
images/img_4876.png	뺬
images/img_4877.png	뺭
images/img_4878.png	뺮
images/img_4879.png	뺯
images/img_4880.png	뺰
images/img_4881.png	뺱
images/img_4882.png	뺲
images/img_4883.png	뺳
images/img_4884.png	뺴
images/img_4885.png	뺵
images/img_4886.png	뺶
images/img_4887.png	뺷
images/img_4888.png	뺸
images/img_4889.png	뺹
images/img_4890.png	뺺
images/img_4891.png	뺻
images/img_4892.png	뺼
images/img_4893.png	뺽
images/img_4894.png	뺾
images/img_4895.png	뺿
images/img_4896.png	뻀
images/img_4897.png	뻁
images/img_4898.png	뻂
images/img_4899.png	뻃
images/img_4900.png	뻄
images/img_4901.png	뻅
images/img_4902.png	뻆
images/img_4903.png	뻇
images/img_4904.png	뻈
images/img_4905.png	뻉
images/img_4906.png	뻊
images/img_4907.png	뻋
images/img_4908.png	뻌
images/img_4909.png	뻍
images/img_4910.png	뻎
images/img_4911.png	뻏
images/img_4912.png	뻐
images/img_4913.png	뻑
images/img_4914.png	뻒
images/img_4915.png	뻓
images/img_4916.png	뻔
images/img_4917.png	뻕
images/img_4918.png	뻖
images/img_4919.png	뻗
images/img_4920.png	뻘
images/img_4921.png	뻙
images/img_4922.png	뻚
images/img_4923.png	뻛
images/img_4924.png	뻜
images/img_4925.png	뻝
images/img_4926.png	뻞
images/img_4927.png	뻟
images/img_4928.png	뻠
images/img_4929.png	뻡
images/img_4930.png	뻢
images/img_4931.png	뻣
images/img_4932.png	뻤
images/img_4933.png	뻥
images/img_4934.png	뻦
images/img_4935.png	뻧
images/img_4936.png	뻨
images/img_4937.png	뻩
images/img_4938.png	뻪
images/img_4939.png	뻫
images/img_4940.png	뻬
images/img_4941.png	뻭
images/img_4942.png	뻮
images/img_4943.png	뻯
images/img_4944.png	뻰
images/img_4945.png	뻱
images/img_4946.png	뻲
images/img_4947.png	뻳
images/img_4948.png	뻴
images/img_4949.png	뻵
images/img_4950.png	뻶
images/img_4951.png	뻷
images/img_4952.png	뻸
images/img_4953.png	뻹
images/img_4954.png	뻺
images/img_4955.png	뻻
images/img_4956.png	뻼
images/img_4957.png	뻽
images/img_4958.png	뻾
images/img_4959.png	뻿
images/img_4960.png	뼀
images/img_4961.png	뼁
images/img_4962.png	뼂
images/img_4963.png	뼃
images/img_4964.png	뼄
images/img_4965.png	뼅
images/img_4966.png	뼆
images/img_4967.png	뼇
images/img_4968.png	뼈
images/img_4969.png	뼉
images/img_4970.png	뼊
images/img_4971.png	뼋
images/img_4972.png	뼌
images/img_4973.png	뼍
images/img_4974.png	뼎
images/img_4975.png	뼏
images/img_4976.png	뼐
images/img_4977.png	뼑
images/img_4978.png	뼒
images/img_4979.png	뼓
images/img_4980.png	뼔
images/img_4981.png	뼕
images/img_4982.png	뼖
images/img_4983.png	뼗
images/img_4984.png	뼘
images/img_4985.png	뼙
images/img_4986.png	뼚
images/img_4987.png	뼛
images/img_4988.png	뼜
images/img_4989.png	뼝
images/img_4990.png	뼞
images/img_4991.png	뼟
images/img_4992.png	뼠
images/img_4993.png	뼡
images/img_4994.png	뼢
images/img_4995.png	뼣
images/img_4996.png	뼤
images/img_4997.png	뼥
images/img_4998.png	뼦
images/img_4999.png	뼧
images/img_5000.png	뼨
images/img_5001.png	뼩
images/img_5002.png	뼪
images/img_5003.png	뼫
images/img_5004.png	뼬
images/img_5005.png	뼭
images/img_5006.png	뼮
images/img_5007.png	뼯
images/img_5008.png	뼰
images/img_5009.png	뼱
images/img_5010.png	뼲
images/img_5011.png	뼳
images/img_5012.png	뼴
images/img_5013.png	뼵
images/img_5014.png	뼶
images/img_5015.png	뼷
images/img_5016.png	뼸
images/img_5017.png	뼹
images/img_5018.png	뼺
images/img_5019.png	뼻
images/img_5020.png	뼼
images/img_5021.png	뼽
images/img_5022.png	뼾
images/img_5023.png	뼿
images/img_5024.png	뽀
images/img_5025.png	뽁
images/img_5026.png	뽂
images/img_5027.png	뽃
images/img_5028.png	뽄
images/img_5029.png	뽅
images/img_5030.png	뽆
images/img_5031.png	뽇
images/img_5032.png	뽈
images/img_5033.png	뽉
images/img_5034.png	뽊
images/img_5035.png	뽋
images/img_5036.png	뽌
images/img_5037.png	뽍
images/img_5038.png	뽎
images/img_5039.png	뽏
images/img_5040.png	뽐
images/img_5041.png	뽑
images/img_5042.png	뽒
images/img_5043.png	뽓
images/img_5044.png	뽔
images/img_5045.png	뽕
images/img_5046.png	뽖
images/img_5047.png	뽗
images/img_5048.png	뽘
images/img_5049.png	뽙
images/img_5050.png	뽚
images/img_5051.png	뽛
images/img_5052.png	뽜
images/img_5053.png	뽝
images/img_5054.png	뽞
images/img_5055.png	뽟
images/img_5056.png	뽠
images/img_5057.png	뽡
images/img_5058.png	뽢
images/img_5059.png	뽣
images/img_5060.png	뽤
images/img_5061.png	뽥
images/img_5062.png	뽦
images/img_5063.png	뽧
images/img_5064.png	뽨
images/img_5065.png	뽩
images/img_5066.png	뽪
images/img_5067.png	뽫
images/img_5068.png	뽬
images/img_5069.png	뽭
images/img_5070.png	뽮
images/img_5071.png	뽯
images/img_5072.png	뽰
images/img_5073.png	뽱
images/img_5074.png	뽲
images/img_5075.png	뽳
images/img_5076.png	뽴
images/img_5077.png	뽵
images/img_5078.png	뽶
images/img_5079.png	뽷
images/img_5080.png	뽸
images/img_5081.png	뽹
images/img_5082.png	뽺
images/img_5083.png	뽻
images/img_5084.png	뽼
images/img_5085.png	뽽
images/img_5086.png	뽾
images/img_5087.png	뽿
images/img_5088.png	뾀
images/img_5089.png	뾁
images/img_5090.png	뾂
images/img_5091.png	뾃
images/img_5092.png	뾄
images/img_5093.png	뾅
images/img_5094.png	뾆
images/img_5095.png	뾇
images/img_5096.png	뾈
images/img_5097.png	뾉
images/img_5098.png	뾊
images/img_5099.png	뾋
images/img_5100.png	뾌
images/img_5101.png	뾍
images/img_5102.png	뾎
images/img_5103.png	뾏
images/img_5104.png	뾐
images/img_5105.png	뾑
images/img_5106.png	뾒
images/img_5107.png	뾓
images/img_5108.png	뾔
images/img_5109.png	뾕
images/img_5110.png	뾖
images/img_5111.png	뾗
images/img_5112.png	뾘
images/img_5113.png	뾙
images/img_5114.png	뾚
images/img_5115.png	뾛
images/img_5116.png	뾜
images/img_5117.png	뾝
images/img_5118.png	뾞
images/img_5119.png	뾟
images/img_5120.png	뾠
images/img_5121.png	뾡
images/img_5122.png	뾢
images/img_5123.png	뾣
images/img_5124.png	뾤
images/img_5125.png	뾥
images/img_5126.png	뾦
images/img_5127.png	뾧
images/img_5128.png	뾨
images/img_5129.png	뾩
images/img_5130.png	뾪
images/img_5131.png	뾫
images/img_5132.png	뾬
images/img_5133.png	뾭
images/img_5134.png	뾮
images/img_5135.png	뾯
images/img_5136.png	뾰
images/img_5137.png	뾱
images/img_5138.png	뾲
images/img_5139.png	뾳
images/img_5140.png	뾴
images/img_5141.png	뾵
images/img_5142.png	뾶
images/img_5143.png	뾷
images/img_5144.png	뾸
images/img_5145.png	뾹
images/img_5146.png	뾺
images/img_5147.png	뾻
images/img_5148.png	뾼
images/img_5149.png	뾽
images/img_5150.png	뾾
images/img_5151.png	뾿
images/img_5152.png	뿀
images/img_5153.png	뿁
images/img_5154.png	뿂
images/img_5155.png	뿃
images/img_5156.png	뿄
images/img_5157.png	뿅
images/img_5158.png	뿆
images/img_5159.png	뿇
images/img_5160.png	뿈
images/img_5161.png	뿉
images/img_5162.png	뿊
images/img_5163.png	뿋
images/img_5164.png	뿌
images/img_5165.png	뿍
images/img_5166.png	뿎
images/img_5167.png	뿏
images/img_5168.png	뿐
images/img_5169.png	뿑
images/img_5170.png	뿒
images/img_5171.png	뿓
images/img_5172.png	뿔
images/img_5173.png	뿕
images/img_5174.png	뿖
images/img_5175.png	뿗
images/img_5176.png	뿘
images/img_5177.png	뿙
images/img_5178.png	뿚
images/img_5179.png	뿛
images/img_5180.png	뿜
images/img_5181.png	뿝
images/img_5182.png	뿞
images/img_5183.png	뿟
images/img_5184.png	뿠
images/img_5185.png	뿡
images/img_5186.png	뿢
images/img_5187.png	뿣
images/img_5188.png	뿤
images/img_5189.png	뿥
images/img_5190.png	뿦
images/img_5191.png	뿧
images/img_5192.png	뿨
images/img_5193.png	뿩
images/img_5194.png	뿪
images/img_5195.png	뿫
images/img_5196.png	뿬
images/img_5197.png	뿭
images/img_5198.png	뿮
images/img_5199.png	뿯
images/img_5200.png	뿰
images/img_5201.png	뿱
images/img_5202.png	뿲
images/img_5203.png	뿳
images/img_5204.png	뿴
images/img_5205.png	뿵
images/img_5206.png	뿶
images/img_5207.png	뿷
images/img_5208.png	뿸
images/img_5209.png	뿹
images/img_5210.png	뿺
images/img_5211.png	뿻
images/img_5212.png	뿼
images/img_5213.png	뿽
images/img_5214.png	뿾
images/img_5215.png	뿿
images/img_5216.png	쀀
images/img_5217.png	쀁
images/img_5218.png	쀂
images/img_5219.png	쀃
images/img_5220.png	쀄
images/img_5221.png	쀅
images/img_5222.png	쀆
images/img_5223.png	쀇
images/img_5224.png	쀈
images/img_5225.png	쀉
images/img_5226.png	쀊
images/img_5227.png	쀋
images/img_5228.png	쀌
images/img_5229.png	쀍
images/img_5230.png	쀎
images/img_5231.png	쀏
images/img_5232.png	쀐
images/img_5233.png	쀑
images/img_5234.png	쀒
images/img_5235.png	쀓
images/img_5236.png	쀔
images/img_5237.png	쀕
images/img_5238.png	쀖
images/img_5239.png	쀗
images/img_5240.png	쀘
images/img_5241.png	쀙
images/img_5242.png	쀚
images/img_5243.png	쀛
images/img_5244.png	쀜
images/img_5245.png	쀝
images/img_5246.png	쀞
images/img_5247.png	쀟
images/img_5248.png	쀠
images/img_5249.png	쀡
images/img_5250.png	쀢
images/img_5251.png	쀣
images/img_5252.png	쀤
images/img_5253.png	쀥
images/img_5254.png	쀦
images/img_5255.png	쀧
images/img_5256.png	쀨
images/img_5257.png	쀩
images/img_5258.png	쀪
images/img_5259.png	쀫
images/img_5260.png	쀬
images/img_5261.png	쀭
images/img_5262.png	쀮
images/img_5263.png	쀯
images/img_5264.png	쀰
images/img_5265.png	쀱
images/img_5266.png	쀲
images/img_5267.png	쀳
images/img_5268.png	쀴
images/img_5269.png	쀵
images/img_5270.png	쀶
images/img_5271.png	쀷
images/img_5272.png	쀸
images/img_5273.png	쀹
images/img_5274.png	쀺
images/img_5275.png	쀻
images/img_5276.png	쀼
images/img_5277.png	쀽
images/img_5278.png	쀾
images/img_5279.png	쀿
images/img_5280.png	쁀
images/img_5281.png	쁁
images/img_5282.png	쁂
images/img_5283.png	쁃
images/img_5284.png	쁄
images/img_5285.png	쁅
images/img_5286.png	쁆
images/img_5287.png	쁇
images/img_5288.png	쁈
images/img_5289.png	쁉
images/img_5290.png	쁊
images/img_5291.png	쁋
images/img_5292.png	쁌
images/img_5293.png	쁍
images/img_5294.png	쁎
images/img_5295.png	쁏
images/img_5296.png	쁐
images/img_5297.png	쁑
images/img_5298.png	쁒
images/img_5299.png	쁓
images/img_5300.png	쁔
images/img_5301.png	쁕
images/img_5302.png	쁖
images/img_5303.png	쁗
images/img_5304.png	쁘
images/img_5305.png	쁙
images/img_5306.png	쁚
images/img_5307.png	쁛
images/img_5308.png	쁜
images/img_5309.png	쁝
images/img_5310.png	쁞
images/img_5311.png	쁟
images/img_5312.png	쁠
images/img_5313.png	쁡
images/img_5314.png	쁢
images/img_5315.png	쁣
images/img_5316.png	쁤
images/img_5317.png	쁥
images/img_5318.png	쁦
images/img_5319.png	쁧
images/img_5320.png	쁨
images/img_5321.png	쁩
images/img_5322.png	쁪
images/img_5323.png	쁫
images/img_5324.png	쁬
images/img_5325.png	쁭
images/img_5326.png	쁮
images/img_5327.png	쁯
images/img_5328.png	쁰
images/img_5329.png	쁱
images/img_5330.png	쁲
images/img_5331.png	쁳
images/img_5332.png	쁴
images/img_5333.png	쁵
images/img_5334.png	쁶
images/img_5335.png	쁷
images/img_5336.png	쁸
images/img_5337.png	쁹
images/img_5338.png	쁺
images/img_5339.png	쁻
images/img_5340.png	쁼
images/img_5341.png	쁽
images/img_5342.png	쁾
images/img_5343.png	쁿
images/img_5344.png	삀
images/img_5345.png	삁
images/img_5346.png	삂
images/img_5347.png	삃
images/img_5348.png	삄
images/img_5349.png	삅
images/img_5350.png	삆
images/img_5351.png	삇
images/img_5352.png	삈
images/img_5353.png	삉
images/img_5354.png	삊
images/img_5355.png	삋
images/img_5356.png	삌
images/img_5357.png	삍
images/img_5358.png	삎
images/img_5359.png	삏
images/img_5360.png	삐
images/img_5361.png	삑
images/img_5362.png	삒
images/img_5363.png	삓
images/img_5364.png	삔
images/img_5365.png	삕
images/img_5366.png	삖
images/img_5367.png	삗
images/img_5368.png	삘
images/img_5369.png	삙
images/img_5370.png	삚
images/img_5371.png	삛
images/img_5372.png	삜
images/img_5373.png	삝
images/img_5374.png	삞
images/img_5375.png	삟
images/img_5376.png	삠
images/img_5377.png	삡
images/img_5378.png	삢
images/img_5379.png	삣
images/img_5380.png	삤
images/img_5381.png	삥
images/img_5382.png	삦
images/img_5383.png	삧
images/img_5384.png	삨
images/img_5385.png	삩
images/img_5386.png	삪
images/img_5387.png	삫
images/img_5388.png	사
images/img_5389.png	삭
images/img_5390.png	삮
images/img_5391.png	삯
images/img_5392.png	산
images/img_5393.png	삱
images/img_5394.png	삲
images/img_5395.png	삳
images/img_5396.png	살
images/img_5397.png	삵
images/img_5398.png	삶
images/img_5399.png	삷
images/img_5400.png	삸
images/img_5401.png	삹
images/img_5402.png	삺
images/img_5403.png	삻
images/img_5404.png	삼
images/img_5405.png	삽
images/img_5406.png	삾
images/img_5407.png	삿
images/img_5408.png	샀
images/img_5409.png	상
images/img_5410.png	샂
images/img_5411.png	샃
images/img_5412.png	샄
images/img_5413.png	샅
images/img_5414.png	샆
images/img_5415.png	샇
images/img_5416.png	새
images/img_5417.png	색
images/img_5418.png	샊
images/img_5419.png	샋
images/img_5420.png	샌
images/img_5421.png	샍
images/img_5422.png	샎
images/img_5423.png	샏
images/img_5424.png	샐
images/img_5425.png	샑
images/img_5426.png	샒
images/img_5427.png	샓
images/img_5428.png	샔
images/img_5429.png	샕
images/img_5430.png	샖
images/img_5431.png	샗
images/img_5432.png	샘
images/img_5433.png	샙
images/img_5434.png	샚
images/img_5435.png	샛
images/img_5436.png	샜
images/img_5437.png	생
images/img_5438.png	샞
images/img_5439.png	샟
images/img_5440.png	샠
images/img_5441.png	샡
images/img_5442.png	샢
images/img_5443.png	샣
images/img_5444.png	샤
images/img_5445.png	샥
images/img_5446.png	샦
images/img_5447.png	샧
images/img_5448.png	샨
images/img_5449.png	샩
images/img_5450.png	샪
images/img_5451.png	샫
images/img_5452.png	샬
images/img_5453.png	샭
images/img_5454.png	샮
images/img_5455.png	샯
images/img_5456.png	샰
images/img_5457.png	샱
images/img_5458.png	샲
images/img_5459.png	샳
images/img_5460.png	샴
images/img_5461.png	샵
images/img_5462.png	샶
images/img_5463.png	샷
images/img_5464.png	샸
images/img_5465.png	샹
images/img_5466.png	샺
images/img_5467.png	샻
images/img_5468.png	샼
images/img_5469.png	샽
images/img_5470.png	샾
images/img_5471.png	샿
images/img_5472.png	섀
images/img_5473.png	섁
images/img_5474.png	섂
images/img_5475.png	섃
images/img_5476.png	섄
images/img_5477.png	섅
images/img_5478.png	섆
images/img_5479.png	섇
images/img_5480.png	섈
images/img_5481.png	섉
images/img_5482.png	섊
images/img_5483.png	섋
images/img_5484.png	섌
images/img_5485.png	섍
images/img_5486.png	섎
images/img_5487.png	섏
images/img_5488.png	섐
images/img_5489.png	섑
images/img_5490.png	섒
images/img_5491.png	섓
images/img_5492.png	섔
images/img_5493.png	섕
images/img_5494.png	섖
images/img_5495.png	섗
images/img_5496.png	섘
images/img_5497.png	섙
images/img_5498.png	섚
images/img_5499.png	섛
images/img_5500.png	서
images/img_5501.png	석
images/img_5502.png	섞
images/img_5503.png	섟
images/img_5504.png	선
images/img_5505.png	섡
images/img_5506.png	섢
images/img_5507.png	섣
images/img_5508.png	설
images/img_5509.png	섥
images/img_5510.png	섦
images/img_5511.png	섧
images/img_5512.png	섨
images/img_5513.png	섩
images/img_5514.png	섪
images/img_5515.png	섫
images/img_5516.png	섬
images/img_5517.png	섭
images/img_5518.png	섮
images/img_5519.png	섯
images/img_5520.png	섰
images/img_5521.png	성
images/img_5522.png	섲
images/img_5523.png	섳
images/img_5524.png	섴
images/img_5525.png	섵
images/img_5526.png	섶
images/img_5527.png	섷
images/img_5528.png	세
images/img_5529.png	섹
images/img_5530.png	섺
images/img_5531.png	섻
images/img_5532.png	센
images/img_5533.png	섽
images/img_5534.png	섾
images/img_5535.png	섿
images/img_5536.png	셀
images/img_5537.png	셁
images/img_5538.png	셂
images/img_5539.png	셃
images/img_5540.png	셄
images/img_5541.png	셅
images/img_5542.png	셆
images/img_5543.png	셇
images/img_5544.png	셈
images/img_5545.png	셉
images/img_5546.png	셊
images/img_5547.png	셋
images/img_5548.png	셌
images/img_5549.png	셍
images/img_5550.png	셎
images/img_5551.png	셏
images/img_5552.png	셐
images/img_5553.png	셑
images/img_5554.png	셒
images/img_5555.png	셓
images/img_5556.png	셔
images/img_5557.png	셕
images/img_5558.png	셖
images/img_5559.png	셗
images/img_5560.png	션
images/img_5561.png	셙
images/img_5562.png	셚
images/img_5563.png	셛
images/img_5564.png	셜
images/img_5565.png	셝
images/img_5566.png	셞
images/img_5567.png	셟
images/img_5568.png	셠
images/img_5569.png	셡
images/img_5570.png	셢
images/img_5571.png	셣
images/img_5572.png	셤
images/img_5573.png	셥
images/img_5574.png	셦
images/img_5575.png	셧
images/img_5576.png	셨
images/img_5577.png	셩
images/img_5578.png	셪
images/img_5579.png	셫
images/img_5580.png	셬
images/img_5581.png	셭
images/img_5582.png	셮
images/img_5583.png	셯
images/img_5584.png	셰
images/img_5585.png	셱
images/img_5586.png	셲
images/img_5587.png	셳
images/img_5588.png	셴
images/img_5589.png	셵
images/img_5590.png	셶
images/img_5591.png	셷
images/img_5592.png	셸
images/img_5593.png	셹
images/img_5594.png	셺
images/img_5595.png	셻
images/img_5596.png	셼
images/img_5597.png	셽
images/img_5598.png	셾
images/img_5599.png	셿
images/img_5600.png	솀
images/img_5601.png	솁
images/img_5602.png	솂
images/img_5603.png	솃
images/img_5604.png	솄
images/img_5605.png	솅
images/img_5606.png	솆
images/img_5607.png	솇
images/img_5608.png	솈
images/img_5609.png	솉
images/img_5610.png	솊
images/img_5611.png	솋
images/img_5612.png	소
images/img_5613.png	속
images/img_5614.png	솎
images/img_5615.png	솏
images/img_5616.png	손
images/img_5617.png	솑
images/img_5618.png	솒
images/img_5619.png	솓
images/img_5620.png	솔
images/img_5621.png	솕
images/img_5622.png	솖
images/img_5623.png	솗
images/img_5624.png	솘
images/img_5625.png	솙
images/img_5626.png	솚
images/img_5627.png	솛
images/img_5628.png	솜
images/img_5629.png	솝
images/img_5630.png	솞
images/img_5631.png	솟
images/img_5632.png	솠
images/img_5633.png	송
images/img_5634.png	솢
images/img_5635.png	솣
images/img_5636.png	솤
images/img_5637.png	솥
images/img_5638.png	솦
images/img_5639.png	솧
images/img_5640.png	솨
images/img_5641.png	솩
images/img_5642.png	솪
images/img_5643.png	솫
images/img_5644.png	솬
images/img_5645.png	솭
images/img_5646.png	솮
images/img_5647.png	솯
images/img_5648.png	솰
images/img_5649.png	솱
images/img_5650.png	솲
images/img_5651.png	솳
images/img_5652.png	솴
images/img_5653.png	솵
images/img_5654.png	솶
images/img_5655.png	솷
images/img_5656.png	솸
images/img_5657.png	솹
images/img_5658.png	솺
images/img_5659.png	솻
images/img_5660.png	솼
images/img_5661.png	솽
images/img_5662.png	솾
images/img_5663.png	솿
images/img_5664.png	쇀
images/img_5665.png	쇁
images/img_5666.png	쇂
images/img_5667.png	쇃
images/img_5668.png	쇄
images/img_5669.png	쇅
images/img_5670.png	쇆
images/img_5671.png	쇇
images/img_5672.png	쇈
images/img_5673.png	쇉
images/img_5674.png	쇊
images/img_5675.png	쇋
images/img_5676.png	쇌
images/img_5677.png	쇍
images/img_5678.png	쇎
images/img_5679.png	쇏
images/img_5680.png	쇐
images/img_5681.png	쇑
images/img_5682.png	쇒
images/img_5683.png	쇓
images/img_5684.png	쇔
images/img_5685.png	쇕
images/img_5686.png	쇖
images/img_5687.png	쇗
images/img_5688.png	쇘
images/img_5689.png	쇙
images/img_5690.png	쇚
images/img_5691.png	쇛
images/img_5692.png	쇜
images/img_5693.png	쇝
images/img_5694.png	쇞
images/img_5695.png	쇟
images/img_5696.png	쇠
images/img_5697.png	쇡
images/img_5698.png	쇢
images/img_5699.png	쇣
images/img_5700.png	쇤
images/img_5701.png	쇥
images/img_5702.png	쇦
images/img_5703.png	쇧
images/img_5704.png	쇨
images/img_5705.png	쇩
images/img_5706.png	쇪
images/img_5707.png	쇫
images/img_5708.png	쇬
images/img_5709.png	쇭
images/img_5710.png	쇮
images/img_5711.png	쇯
images/img_5712.png	쇰
images/img_5713.png	쇱
images/img_5714.png	쇲
images/img_5715.png	쇳
images/img_5716.png	쇴
images/img_5717.png	쇵
images/img_5718.png	쇶
images/img_5719.png	쇷
images/img_5720.png	쇸
images/img_5721.png	쇹
images/img_5722.png	쇺
images/img_5723.png	쇻
images/img_5724.png	쇼
images/img_5725.png	쇽
images/img_5726.png	쇾
images/img_5727.png	쇿
images/img_5728.png	숀
images/img_5729.png	숁
images/img_5730.png	숂
images/img_5731.png	숃
images/img_5732.png	숄
images/img_5733.png	숅
images/img_5734.png	숆
images/img_5735.png	숇
images/img_5736.png	숈
images/img_5737.png	숉
images/img_5738.png	숊
images/img_5739.png	숋
images/img_5740.png	숌
images/img_5741.png	숍
images/img_5742.png	숎
images/img_5743.png	숏
images/img_5744.png	숐
images/img_5745.png	숑
images/img_5746.png	숒
images/img_5747.png	숓
images/img_5748.png	숔
images/img_5749.png	숕
images/img_5750.png	숖
images/img_5751.png	숗
images/img_5752.png	수
images/img_5753.png	숙
images/img_5754.png	숚
images/img_5755.png	숛
images/img_5756.png	순
images/img_5757.png	숝
images/img_5758.png	숞
images/img_5759.png	숟
images/img_5760.png	술
images/img_5761.png	숡
images/img_5762.png	숢
images/img_5763.png	숣
images/img_5764.png	숤
images/img_5765.png	숥
images/img_5766.png	숦
images/img_5767.png	숧
images/img_5768.png	숨
images/img_5769.png	숩
images/img_5770.png	숪
images/img_5771.png	숫
images/img_5772.png	숬
images/img_5773.png	숭
images/img_5774.png	숮
images/img_5775.png	숯
images/img_5776.png	숰
images/img_5777.png	숱
images/img_5778.png	숲
images/img_5779.png	숳
images/img_5780.png	숴
images/img_5781.png	숵
images/img_5782.png	숶
images/img_5783.png	숷
images/img_5784.png	숸
images/img_5785.png	숹
images/img_5786.png	숺
images/img_5787.png	숻
images/img_5788.png	숼
images/img_5789.png	숽
images/img_5790.png	숾
images/img_5791.png	숿
images/img_5792.png	쉀
images/img_5793.png	쉁
images/img_5794.png	쉂
images/img_5795.png	쉃
images/img_5796.png	쉄
images/img_5797.png	쉅
images/img_5798.png	쉆
images/img_5799.png	쉇
images/img_5800.png	쉈
images/img_5801.png	쉉
images/img_5802.png	쉊
images/img_5803.png	쉋
images/img_5804.png	쉌
images/img_5805.png	쉍
images/img_5806.png	쉎
images/img_5807.png	쉏
images/img_5808.png	쉐
images/img_5809.png	쉑
images/img_5810.png	쉒
images/img_5811.png	쉓
images/img_5812.png	쉔
images/img_5813.png	쉕
images/img_5814.png	쉖
images/img_5815.png	쉗
images/img_5816.png	쉘
images/img_5817.png	쉙
images/img_5818.png	쉚
images/img_5819.png	쉛
images/img_5820.png	쉜
images/img_5821.png	쉝
images/img_5822.png	쉞
images/img_5823.png	쉟
images/img_5824.png	쉠
images/img_5825.png	쉡
images/img_5826.png	쉢
images/img_5827.png	쉣
images/img_5828.png	쉤
images/img_5829.png	쉥
images/img_5830.png	쉦
images/img_5831.png	쉧
images/img_5832.png	쉨
images/img_5833.png	쉩
images/img_5834.png	쉪
images/img_5835.png	쉫
images/img_5836.png	쉬
images/img_5837.png	쉭
images/img_5838.png	쉮
images/img_5839.png	쉯
images/img_5840.png	쉰
images/img_5841.png	쉱
images/img_5842.png	쉲
images/img_5843.png	쉳
images/img_5844.png	쉴
images/img_5845.png	쉵
images/img_5846.png	쉶
images/img_5847.png	쉷
images/img_5848.png	쉸
images/img_5849.png	쉹
images/img_5850.png	쉺
images/img_5851.png	쉻
images/img_5852.png	쉼
images/img_5853.png	쉽
images/img_5854.png	쉾
images/img_5855.png	쉿
images/img_5856.png	슀
images/img_5857.png	슁
images/img_5858.png	슂
images/img_5859.png	슃
images/img_5860.png	슄
images/img_5861.png	슅
images/img_5862.png	슆
images/img_5863.png	슇
images/img_5864.png	슈
images/img_5865.png	슉
images/img_5866.png	슊
images/img_5867.png	슋
images/img_5868.png	슌
images/img_5869.png	슍
images/img_5870.png	슎
images/img_5871.png	슏
images/img_5872.png	슐
images/img_5873.png	슑
images/img_5874.png	슒
images/img_5875.png	슓
images/img_5876.png	슔
images/img_5877.png	슕
images/img_5878.png	슖
images/img_5879.png	슗
images/img_5880.png	슘
images/img_5881.png	슙
images/img_5882.png	슚
images/img_5883.png	슛
images/img_5884.png	슜
images/img_5885.png	슝
images/img_5886.png	슞
images/img_5887.png	슟
images/img_5888.png	슠
images/img_5889.png	슡
images/img_5890.png	슢
images/img_5891.png	슣
images/img_5892.png	스
images/img_5893.png	슥
images/img_5894.png	슦
images/img_5895.png	슧
images/img_5896.png	슨
images/img_5897.png	슩
images/img_5898.png	슪
images/img_5899.png	슫
images/img_5900.png	슬
images/img_5901.png	슭
images/img_5902.png	슮
images/img_5903.png	슯
images/img_5904.png	슰
images/img_5905.png	슱
images/img_5906.png	슲
images/img_5907.png	슳
images/img_5908.png	슴
images/img_5909.png	습
images/img_5910.png	슶
images/img_5911.png	슷
images/img_5912.png	슸
images/img_5913.png	승
images/img_5914.png	슺
images/img_5915.png	슻
images/img_5916.png	슼
images/img_5917.png	슽
images/img_5918.png	슾
images/img_5919.png	슿
images/img_5920.png	싀
images/img_5921.png	싁
images/img_5922.png	싂
images/img_5923.png	싃
images/img_5924.png	싄
images/img_5925.png	싅
images/img_5926.png	싆
images/img_5927.png	싇
images/img_5928.png	싈
images/img_5929.png	싉
images/img_5930.png	싊
images/img_5931.png	싋
images/img_5932.png	싌
images/img_5933.png	싍
images/img_5934.png	싎
images/img_5935.png	싏
images/img_5936.png	싐
images/img_5937.png	싑
images/img_5938.png	싒
images/img_5939.png	싓
images/img_5940.png	싔
images/img_5941.png	싕
images/img_5942.png	싖
images/img_5943.png	싗
images/img_5944.png	싘
images/img_5945.png	싙
images/img_5946.png	싚
images/img_5947.png	싛
images/img_5948.png	시
images/img_5949.png	식
images/img_5950.png	싞
images/img_5951.png	싟
images/img_5952.png	신
images/img_5953.png	싡
images/img_5954.png	싢
images/img_5955.png	싣
images/img_5956.png	실
images/img_5957.png	싥
images/img_5958.png	싦
images/img_5959.png	싧
images/img_5960.png	싨
images/img_5961.png	싩
images/img_5962.png	싪
images/img_5963.png	싫
images/img_5964.png	심
images/img_5965.png	십
images/img_5966.png	싮
images/img_5967.png	싯
images/img_5968.png	싰
images/img_5969.png	싱
images/img_5970.png	싲
images/img_5971.png	싳
images/img_5972.png	싴
images/img_5973.png	싵
images/img_5974.png	싶
images/img_5975.png	싷
images/img_5976.png	싸
images/img_5977.png	싹
images/img_5978.png	싺
images/img_5979.png	싻
images/img_5980.png	싼
images/img_5981.png	싽
images/img_5982.png	싾
images/img_5983.png	싿
images/img_5984.png	쌀
images/img_5985.png	쌁
images/img_5986.png	쌂
images/img_5987.png	쌃
images/img_5988.png	쌄
images/img_5989.png	쌅
images/img_5990.png	쌆
images/img_5991.png	쌇
images/img_5992.png	쌈
images/img_5993.png	쌉
images/img_5994.png	쌊
images/img_5995.png	쌋
images/img_5996.png	쌌
images/img_5997.png	쌍
images/img_5998.png	쌎
images/img_5999.png	쌏
images/img_6000.png	쌐
images/img_6001.png	쌑
images/img_6002.png	쌒
images/img_6003.png	쌓
images/img_6004.png	쌔
images/img_6005.png	쌕
images/img_6006.png	쌖
images/img_6007.png	쌗
images/img_6008.png	쌘
images/img_6009.png	쌙
images/img_6010.png	쌚
images/img_6011.png	쌛
images/img_6012.png	쌜
images/img_6013.png	쌝
images/img_6014.png	쌞
images/img_6015.png	쌟
images/img_6016.png	쌠
images/img_6017.png	쌡
images/img_6018.png	쌢
images/img_6019.png	쌣
images/img_6020.png	쌤
images/img_6021.png	쌥
images/img_6022.png	쌦
images/img_6023.png	쌧
images/img_6024.png	쌨
images/img_6025.png	쌩
images/img_6026.png	쌪
images/img_6027.png	쌫
images/img_6028.png	쌬
images/img_6029.png	쌭
images/img_6030.png	쌮
images/img_6031.png	쌯
images/img_6032.png	쌰
images/img_6033.png	쌱
images/img_6034.png	쌲
images/img_6035.png	쌳
images/img_6036.png	쌴
images/img_6037.png	쌵
images/img_6038.png	쌶
images/img_6039.png	쌷
images/img_6040.png	쌸
images/img_6041.png	쌹
images/img_6042.png	쌺
images/img_6043.png	쌻
images/img_6044.png	쌼
images/img_6045.png	쌽
images/img_6046.png	쌾
images/img_6047.png	쌿
images/img_6048.png	썀
images/img_6049.png	썁
images/img_6050.png	썂
images/img_6051.png	썃
images/img_6052.png	썄
images/img_6053.png	썅
images/img_6054.png	썆
images/img_6055.png	썇
images/img_6056.png	썈
images/img_6057.png	썉
images/img_6058.png	썊
images/img_6059.png	썋
images/img_6060.png	썌
images/img_6061.png	썍
images/img_6062.png	썎
images/img_6063.png	썏
images/img_6064.png	썐
images/img_6065.png	썑
images/img_6066.png	썒
images/img_6067.png	썓
images/img_6068.png	썔
images/img_6069.png	썕
images/img_6070.png	썖
images/img_6071.png	썗
images/img_6072.png	썘
images/img_6073.png	썙
images/img_6074.png	썚
images/img_6075.png	썛
images/img_6076.png	썜
images/img_6077.png	썝
images/img_6078.png	썞
images/img_6079.png	썟
images/img_6080.png	썠
images/img_6081.png	썡
images/img_6082.png	썢
images/img_6083.png	썣
images/img_6084.png	썤
images/img_6085.png	썥
images/img_6086.png	썦
images/img_6087.png	썧
images/img_6088.png	써
images/img_6089.png	썩
images/img_6090.png	썪
images/img_6091.png	썫
images/img_6092.png	썬
images/img_6093.png	썭
images/img_6094.png	썮
images/img_6095.png	썯
images/img_6096.png	썰
images/img_6097.png	썱
images/img_6098.png	썲
images/img_6099.png	썳
images/img_6100.png	썴
images/img_6101.png	썵
images/img_6102.png	썶
images/img_6103.png	썷
images/img_6104.png	썸
images/img_6105.png	썹
images/img_6106.png	썺
images/img_6107.png	썻
images/img_6108.png	썼
images/img_6109.png	썽
images/img_6110.png	썾
images/img_6111.png	썿
images/img_6112.png	쎀
images/img_6113.png	쎁
images/img_6114.png	쎂
images/img_6115.png	쎃
images/img_6116.png	쎄
images/img_6117.png	쎅
images/img_6118.png	쎆
images/img_6119.png	쎇
images/img_6120.png	쎈
images/img_6121.png	쎉
images/img_6122.png	쎊
images/img_6123.png	쎋
images/img_6124.png	쎌
images/img_6125.png	쎍
images/img_6126.png	쎎
images/img_6127.png	쎏
images/img_6128.png	쎐
images/img_6129.png	쎑
images/img_6130.png	쎒
images/img_6131.png	쎓
images/img_6132.png	쎔
images/img_6133.png	쎕
images/img_6134.png	쎖
images/img_6135.png	쎗
images/img_6136.png	쎘
images/img_6137.png	쎙
images/img_6138.png	쎚
images/img_6139.png	쎛
images/img_6140.png	쎜
images/img_6141.png	쎝
images/img_6142.png	쎞
images/img_6143.png	쎟
images/img_6144.png	쎠
images/img_6145.png	쎡
images/img_6146.png	쎢
images/img_6147.png	쎣
images/img_6148.png	쎤
images/img_6149.png	쎥
images/img_6150.png	쎦
images/img_6151.png	쎧
images/img_6152.png	쎨
images/img_6153.png	쎩
images/img_6154.png	쎪
images/img_6155.png	쎫
images/img_6156.png	쎬
images/img_6157.png	쎭
images/img_6158.png	쎮
images/img_6159.png	쎯
images/img_6160.png	쎰
images/img_6161.png	쎱
images/img_6162.png	쎲
images/img_6163.png	쎳
images/img_6164.png	쎴
images/img_6165.png	쎵
images/img_6166.png	쎶
images/img_6167.png	쎷
images/img_6168.png	쎸
images/img_6169.png	쎹
images/img_6170.png	쎺
images/img_6171.png	쎻
images/img_6172.png	쎼
images/img_6173.png	쎽
images/img_6174.png	쎾
images/img_6175.png	쎿
images/img_6176.png	쏀
images/img_6177.png	쏁
images/img_6178.png	쏂
images/img_6179.png	쏃
images/img_6180.png	쏄
images/img_6181.png	쏅
images/img_6182.png	쏆
images/img_6183.png	쏇
images/img_6184.png	쏈
images/img_6185.png	쏉
images/img_6186.png	쏊
images/img_6187.png	쏋
images/img_6188.png	쏌
images/img_6189.png	쏍
images/img_6190.png	쏎
images/img_6191.png	쏏
images/img_6192.png	쏐
images/img_6193.png	쏑
images/img_6194.png	쏒
images/img_6195.png	쏓
images/img_6196.png	쏔
images/img_6197.png	쏕
images/img_6198.png	쏖
images/img_6199.png	쏗
images/img_6200.png	쏘
images/img_6201.png	쏙
images/img_6202.png	쏚
images/img_6203.png	쏛
images/img_6204.png	쏜
images/img_6205.png	쏝
images/img_6206.png	쏞
images/img_6207.png	쏟
images/img_6208.png	쏠
images/img_6209.png	쏡
images/img_6210.png	쏢
images/img_6211.png	쏣
images/img_6212.png	쏤
images/img_6213.png	쏥
images/img_6214.png	쏦
images/img_6215.png	쏧
images/img_6216.png	쏨
images/img_6217.png	쏩
images/img_6218.png	쏪
images/img_6219.png	쏫
images/img_6220.png	쏬
images/img_6221.png	쏭
images/img_6222.png	쏮
images/img_6223.png	쏯
images/img_6224.png	쏰
images/img_6225.png	쏱
images/img_6226.png	쏲
images/img_6227.png	쏳
images/img_6228.png	쏴
images/img_6229.png	쏵
images/img_6230.png	쏶
images/img_6231.png	쏷
images/img_6232.png	쏸
images/img_6233.png	쏹
images/img_6234.png	쏺
images/img_6235.png	쏻
images/img_6236.png	쏼
images/img_6237.png	쏽
images/img_6238.png	쏾
images/img_6239.png	쏿
images/img_6240.png	쐀
images/img_6241.png	쐁
images/img_6242.png	쐂
images/img_6243.png	쐃
images/img_6244.png	쐄
images/img_6245.png	쐅
images/img_6246.png	쐆
images/img_6247.png	쐇
images/img_6248.png	쐈
images/img_6249.png	쐉
images/img_6250.png	쐊
images/img_6251.png	쐋
images/img_6252.png	쐌
images/img_6253.png	쐍
images/img_6254.png	쐎
images/img_6255.png	쐏
images/img_6256.png	쐐
images/img_6257.png	쐑
images/img_6258.png	쐒
images/img_6259.png	쐓
images/img_6260.png	쐔
images/img_6261.png	쐕
images/img_6262.png	쐖
images/img_6263.png	쐗
images/img_6264.png	쐘
images/img_6265.png	쐙
images/img_6266.png	쐚
images/img_6267.png	쐛
images/img_6268.png	쐜
images/img_6269.png	쐝
images/img_6270.png	쐞
images/img_6271.png	쐟
images/img_6272.png	쐠
images/img_6273.png	쐡
images/img_6274.png	쐢
images/img_6275.png	쐣
images/img_6276.png	쐤
images/img_6277.png	쐥
images/img_6278.png	쐦
images/img_6279.png	쐧
images/img_6280.png	쐨
images/img_6281.png	쐩
images/img_6282.png	쐪
images/img_6283.png	쐫
images/img_6284.png	쐬
images/img_6285.png	쐭
images/img_6286.png	쐮
images/img_6287.png	쐯
images/img_6288.png	쐰
images/img_6289.png	쐱
images/img_6290.png	쐲
images/img_6291.png	쐳
images/img_6292.png	쐴
images/img_6293.png	쐵
images/img_6294.png	쐶
images/img_6295.png	쐷
images/img_6296.png	쐸
images/img_6297.png	쐹
images/img_6298.png	쐺
images/img_6299.png	쐻
images/img_6300.png	쐼
images/img_6301.png	쐽
images/img_6302.png	쐾
images/img_6303.png	쐿
images/img_6304.png	쑀
images/img_6305.png	쑁
images/img_6306.png	쑂
images/img_6307.png	쑃
images/img_6308.png	쑄
images/img_6309.png	쑅
images/img_6310.png	쑆
images/img_6311.png	쑇
images/img_6312.png	쑈
images/img_6313.png	쑉
images/img_6314.png	쑊
images/img_6315.png	쑋
images/img_6316.png	쑌
images/img_6317.png	쑍
images/img_6318.png	쑎
images/img_6319.png	쑏
images/img_6320.png	쑐
images/img_6321.png	쑑
images/img_6322.png	쑒
images/img_6323.png	쑓
images/img_6324.png	쑔
images/img_6325.png	쑕
images/img_6326.png	쑖
images/img_6327.png	쑗
images/img_6328.png	쑘
images/img_6329.png	쑙
images/img_6330.png	쑚
images/img_6331.png	쑛
images/img_6332.png	쑜
images/img_6333.png	쑝
images/img_6334.png	쑞
images/img_6335.png	쑟
images/img_6336.png	쑠
images/img_6337.png	쑡
images/img_6338.png	쑢
images/img_6339.png	쑣
images/img_6340.png	쑤
images/img_6341.png	쑥
images/img_6342.png	쑦
images/img_6343.png	쑧
images/img_6344.png	쑨
images/img_6345.png	쑩
images/img_6346.png	쑪
images/img_6347.png	쑫
images/img_6348.png	쑬
images/img_6349.png	쑭
images/img_6350.png	쑮
images/img_6351.png	쑯
images/img_6352.png	쑰
images/img_6353.png	쑱
images/img_6354.png	쑲
images/img_6355.png	쑳
images/img_6356.png	쑴
images/img_6357.png	쑵
images/img_6358.png	쑶
images/img_6359.png	쑷
images/img_6360.png	쑸
images/img_6361.png	쑹
images/img_6362.png	쑺
images/img_6363.png	쑻
images/img_6364.png	쑼
images/img_6365.png	쑽
images/img_6366.png	쑾
images/img_6367.png	쑿
images/img_6368.png	쒀
images/img_6369.png	쒁
images/img_6370.png	쒂
images/img_6371.png	쒃
images/img_6372.png	쒄
images/img_6373.png	쒅
images/img_6374.png	쒆
images/img_6375.png	쒇
images/img_6376.png	쒈
images/img_6377.png	쒉
images/img_6378.png	쒊
images/img_6379.png	쒋
images/img_6380.png	쒌
images/img_6381.png	쒍
images/img_6382.png	쒎
images/img_6383.png	쒏
images/img_6384.png	쒐
images/img_6385.png	쒑
images/img_6386.png	쒒
images/img_6387.png	쒓
images/img_6388.png	쒔
images/img_6389.png	쒕
images/img_6390.png	쒖
images/img_6391.png	쒗
images/img_6392.png	쒘
images/img_6393.png	쒙
images/img_6394.png	쒚
images/img_6395.png	쒛
images/img_6396.png	쒜
images/img_6397.png	쒝
images/img_6398.png	쒞
images/img_6399.png	쒟
images/img_6400.png	쒠
images/img_6401.png	쒡
images/img_6402.png	쒢
images/img_6403.png	쒣
images/img_6404.png	쒤
images/img_6405.png	쒥
images/img_6406.png	쒦
images/img_6407.png	쒧
images/img_6408.png	쒨
images/img_6409.png	쒩
images/img_6410.png	쒪
images/img_6411.png	쒫
images/img_6412.png	쒬
images/img_6413.png	쒭
images/img_6414.png	쒮
images/img_6415.png	쒯
images/img_6416.png	쒰
images/img_6417.png	쒱
images/img_6418.png	쒲
images/img_6419.png	쒳
images/img_6420.png	쒴
images/img_6421.png	쒵
images/img_6422.png	쒶
images/img_6423.png	쒷
images/img_6424.png	쒸
images/img_6425.png	쒹
images/img_6426.png	쒺
images/img_6427.png	쒻
images/img_6428.png	쒼
images/img_6429.png	쒽
images/img_6430.png	쒾
images/img_6431.png	쒿
images/img_6432.png	쓀
images/img_6433.png	쓁
images/img_6434.png	쓂
images/img_6435.png	쓃
images/img_6436.png	쓄
images/img_6437.png	쓅
images/img_6438.png	쓆
images/img_6439.png	쓇
images/img_6440.png	쓈
images/img_6441.png	쓉
images/img_6442.png	쓊
images/img_6443.png	쓋
images/img_6444.png	쓌
images/img_6445.png	쓍
images/img_6446.png	쓎
images/img_6447.png	쓏
images/img_6448.png	쓐
images/img_6449.png	쓑
images/img_6450.png	쓒
images/img_6451.png	쓓
images/img_6452.png	쓔
images/img_6453.png	쓕
images/img_6454.png	쓖
images/img_6455.png	쓗
images/img_6456.png	쓘
images/img_6457.png	쓙
images/img_6458.png	쓚
images/img_6459.png	쓛
images/img_6460.png	쓜
images/img_6461.png	쓝
images/img_6462.png	쓞
images/img_6463.png	쓟
images/img_6464.png	쓠
images/img_6465.png	쓡
images/img_6466.png	쓢
images/img_6467.png	쓣
images/img_6468.png	쓤
images/img_6469.png	쓥
images/img_6470.png	쓦
images/img_6471.png	쓧
images/img_6472.png	쓨
images/img_6473.png	쓩
images/img_6474.png	쓪
images/img_6475.png	쓫
images/img_6476.png	쓬
images/img_6477.png	쓭
images/img_6478.png	쓮
images/img_6479.png	쓯
images/img_6480.png	쓰
images/img_6481.png	쓱
images/img_6482.png	쓲
images/img_6483.png	쓳
images/img_6484.png	쓴
images/img_6485.png	쓵
images/img_6486.png	쓶
images/img_6487.png	쓷
images/img_6488.png	쓸
images/img_6489.png	쓹
images/img_6490.png	쓺
images/img_6491.png	쓻
images/img_6492.png	쓼
images/img_6493.png	쓽
images/img_6494.png	쓾
images/img_6495.png	쓿
images/img_6496.png	씀
images/img_6497.png	씁
images/img_6498.png	씂
images/img_6499.png	씃
images/img_6500.png	씄
images/img_6501.png	씅
images/img_6502.png	씆
images/img_6503.png	씇
images/img_6504.png	씈
images/img_6505.png	씉
images/img_6506.png	씊
images/img_6507.png	씋
images/img_6508.png	씌
images/img_6509.png	씍
images/img_6510.png	씎
images/img_6511.png	씏
images/img_6512.png	씐
images/img_6513.png	씑
images/img_6514.png	씒
images/img_6515.png	씓
images/img_6516.png	씔
images/img_6517.png	씕
images/img_6518.png	씖
images/img_6519.png	씗
images/img_6520.png	씘
images/img_6521.png	씙
images/img_6522.png	씚
images/img_6523.png	씛
images/img_6524.png	씜
images/img_6525.png	씝
images/img_6526.png	씞
images/img_6527.png	씟
images/img_6528.png	씠
images/img_6529.png	씡
images/img_6530.png	씢
images/img_6531.png	씣
images/img_6532.png	씤
images/img_6533.png	씥
images/img_6534.png	씦
images/img_6535.png	씧
images/img_6536.png	씨
images/img_6537.png	씩
images/img_6538.png	씪
images/img_6539.png	씫
images/img_6540.png	씬
images/img_6541.png	씭
images/img_6542.png	씮
images/img_6543.png	씯
images/img_6544.png	씰
images/img_6545.png	씱
images/img_6546.png	씲
images/img_6547.png	씳
images/img_6548.png	씴
images/img_6549.png	씵
images/img_6550.png	씶
images/img_6551.png	씷
images/img_6552.png	씸
images/img_6553.png	씹
images/img_6554.png	씺
images/img_6555.png	씻
images/img_6556.png	씼
images/img_6557.png	씽
images/img_6558.png	씾
images/img_6559.png	씿
images/img_6560.png	앀
images/img_6561.png	앁
images/img_6562.png	앂
images/img_6563.png	앃
images/img_6564.png	아
images/img_6565.png	악
images/img_6566.png	앆
images/img_6567.png	앇
images/img_6568.png	안
images/img_6569.png	앉
images/img_6570.png	않
images/img_6571.png	앋
images/img_6572.png	알
images/img_6573.png	앍
images/img_6574.png	앎
images/img_6575.png	앏
images/img_6576.png	앐
images/img_6577.png	앑
images/img_6578.png	앒
images/img_6579.png	앓
images/img_6580.png	암
images/img_6581.png	압
images/img_6582.png	앖
images/img_6583.png	앗
images/img_6584.png	았
images/img_6585.png	앙
images/img_6586.png	앚
images/img_6587.png	앛
images/img_6588.png	앜
images/img_6589.png	앝
images/img_6590.png	앞
images/img_6591.png	앟
images/img_6592.png	애
images/img_6593.png	액
images/img_6594.png	앢
images/img_6595.png	앣
images/img_6596.png	앤
images/img_6597.png	앥
images/img_6598.png	앦
images/img_6599.png	앧
images/img_6600.png	앨
images/img_6601.png	앩
images/img_6602.png	앪
images/img_6603.png	앫
images/img_6604.png	앬
images/img_6605.png	앭
images/img_6606.png	앮
images/img_6607.png	앯
images/img_6608.png	앰
images/img_6609.png	앱
images/img_6610.png	앲
images/img_6611.png	앳
images/img_6612.png	앴
images/img_6613.png	앵
images/img_6614.png	앶
images/img_6615.png	앷
images/img_6616.png	앸
images/img_6617.png	앹
images/img_6618.png	앺
images/img_6619.png	앻
images/img_6620.png	야
images/img_6621.png	약
images/img_6622.png	앾
images/img_6623.png	앿
images/img_6624.png	얀
images/img_6625.png	얁
images/img_6626.png	얂
images/img_6627.png	얃
images/img_6628.png	얄
images/img_6629.png	얅
images/img_6630.png	얆
images/img_6631.png	얇
images/img_6632.png	얈
images/img_6633.png	얉
images/img_6634.png	얊
images/img_6635.png	얋
images/img_6636.png	얌
images/img_6637.png	얍
images/img_6638.png	얎
images/img_6639.png	얏
images/img_6640.png	얐
images/img_6641.png	양
images/img_6642.png	얒
images/img_6643.png	얓
images/img_6644.png	얔
images/img_6645.png	얕
images/img_6646.png	얖
images/img_6647.png	얗
images/img_6648.png	얘
images/img_6649.png	얙
images/img_6650.png	얚
images/img_6651.png	얛
images/img_6652.png	얜
images/img_6653.png	얝
images/img_6654.png	얞
images/img_6655.png	얟
images/img_6656.png	얠
images/img_6657.png	얡
images/img_6658.png	얢
images/img_6659.png	얣
images/img_6660.png	얤
images/img_6661.png	얥
images/img_6662.png	얦
images/img_6663.png	얧
images/img_6664.png	얨
images/img_6665.png	얩
images/img_6666.png	얪
images/img_6667.png	얫
images/img_6668.png	얬
images/img_6669.png	얭
images/img_6670.png	얮
images/img_6671.png	얯
images/img_6672.png	얰
images/img_6673.png	얱
images/img_6674.png	얲
images/img_6675.png	얳
images/img_6676.png	어
images/img_6677.png	억
images/img_6678.png	얶
images/img_6679.png	얷
images/img_6680.png	언
images/img_6681.png	얹
images/img_6682.png	얺
images/img_6683.png	얻
images/img_6684.png	얼
images/img_6685.png	얽
images/img_6686.png	얾
images/img_6687.png	얿
images/img_6688.png	엀
images/img_6689.png	엁
images/img_6690.png	엂
images/img_6691.png	엃
images/img_6692.png	엄
images/img_6693.png	업
images/img_6694.png	없
images/img_6695.png	엇
images/img_6696.png	었
images/img_6697.png	엉
images/img_6698.png	엊
images/img_6699.png	엋
images/img_6700.png	엌
images/img_6701.png	엍
images/img_6702.png	엎
images/img_6703.png	엏
images/img_6704.png	에
images/img_6705.png	엑
images/img_6706.png	엒
images/img_6707.png	엓
images/img_6708.png	엔
images/img_6709.png	엕
images/img_6710.png	엖
images/img_6711.png	엗
images/img_6712.png	엘
images/img_6713.png	엙
images/img_6714.png	엚
images/img_6715.png	엛
images/img_6716.png	엜
images/img_6717.png	엝
images/img_6718.png	엞
images/img_6719.png	엟
images/img_6720.png	엠
images/img_6721.png	엡
images/img_6722.png	엢
images/img_6723.png	엣
images/img_6724.png	엤
images/img_6725.png	엥
images/img_6726.png	엦
images/img_6727.png	엧
images/img_6728.png	엨
images/img_6729.png	엩
images/img_6730.png	엪
images/img_6731.png	엫
images/img_6732.png	여
images/img_6733.png	역
images/img_6734.png	엮
images/img_6735.png	엯
images/img_6736.png	연
images/img_6737.png	엱
images/img_6738.png	엲
images/img_6739.png	엳
images/img_6740.png	열
images/img_6741.png	엵
images/img_6742.png	엶
images/img_6743.png	엷
images/img_6744.png	엸
images/img_6745.png	엹
images/img_6746.png	엺
images/img_6747.png	엻
images/img_6748.png	염
images/img_6749.png	엽
images/img_6750.png	엾
images/img_6751.png	엿
images/img_6752.png	였
images/img_6753.png	영
images/img_6754.png	옂
images/img_6755.png	옃
images/img_6756.png	옄
images/img_6757.png	옅
images/img_6758.png	옆
images/img_6759.png	옇
images/img_6760.png	예
images/img_6761.png	옉
images/img_6762.png	옊
images/img_6763.png	옋
images/img_6764.png	옌
images/img_6765.png	옍
images/img_6766.png	옎
images/img_6767.png	옏
images/img_6768.png	옐
images/img_6769.png	옑
images/img_6770.png	옒
images/img_6771.png	옓
images/img_6772.png	옔
images/img_6773.png	옕
images/img_6774.png	옖
images/img_6775.png	옗
images/img_6776.png	옘
images/img_6777.png	옙
images/img_6778.png	옚
images/img_6779.png	옛
images/img_6780.png	옜
images/img_6781.png	옝
images/img_6782.png	옞
images/img_6783.png	옟
images/img_6784.png	옠
images/img_6785.png	옡
images/img_6786.png	옢
images/img_6787.png	옣
images/img_6788.png	오
images/img_6789.png	옥
images/img_6790.png	옦
images/img_6791.png	옧
images/img_6792.png	온
images/img_6793.png	옩
images/img_6794.png	옪
images/img_6795.png	옫
images/img_6796.png	올
images/img_6797.png	옭
images/img_6798.png	옮
images/img_6799.png	옯
images/img_6800.png	옰
images/img_6801.png	옱
images/img_6802.png	옲
images/img_6803.png	옳
images/img_6804.png	옴
images/img_6805.png	옵
images/img_6806.png	옶
images/img_6807.png	옷
images/img_6808.png	옸
images/img_6809.png	옹
images/img_6810.png	옺
images/img_6811.png	옻
images/img_6812.png	옼
images/img_6813.png	옽
images/img_6814.png	옾
images/img_6815.png	옿
images/img_6816.png	와
images/img_6817.png	왁
images/img_6818.png	왂
images/img_6819.png	왃
images/img_6820.png	완
images/img_6821.png	왅
images/img_6822.png	왆
images/img_6823.png	왇
images/img_6824.png	왈
images/img_6825.png	왉
images/img_6826.png	왊
images/img_6827.png	왋
images/img_6828.png	왌
images/img_6829.png	왍
images/img_6830.png	왎
images/img_6831.png	왏
images/img_6832.png	왐
images/img_6833.png	왑
images/img_6834.png	왒
images/img_6835.png	왓
images/img_6836.png	왔
images/img_6837.png	왕
images/img_6838.png	왖
images/img_6839.png	왗
images/img_6840.png	왘
images/img_6841.png	왙
images/img_6842.png	왚
images/img_6843.png	왛
images/img_6844.png	왜
images/img_6845.png	왝
images/img_6846.png	왞
images/img_6847.png	왟
images/img_6848.png	왠
images/img_6849.png	왡
images/img_6850.png	왢
images/img_6851.png	왣
images/img_6852.png	왤
images/img_6853.png	왥
images/img_6854.png	왦
images/img_6855.png	왧
images/img_6856.png	왨
images/img_6857.png	왩
images/img_6858.png	왪
images/img_6859.png	왫
images/img_6860.png	왬
images/img_6861.png	왭
images/img_6862.png	왮
images/img_6863.png	왯
images/img_6864.png	왰
images/img_6865.png	왱
images/img_6866.png	왲
images/img_6867.png	왳
images/img_6868.png	왴
images/img_6869.png	왵
images/img_6870.png	왶
images/img_6871.png	왷
images/img_6872.png	외
images/img_6873.png	왹
images/img_6874.png	왺
images/img_6875.png	왻
images/img_6876.png	왼
images/img_6877.png	왽
images/img_6878.png	왾
images/img_6879.png	왿
images/img_6880.png	욀
images/img_6881.png	욁
images/img_6882.png	욂
images/img_6883.png	욃
images/img_6884.png	욄
images/img_6885.png	욅
images/img_6886.png	욆
images/img_6887.png	욇
images/img_6888.png	욈
images/img_6889.png	욉
images/img_6890.png	욊
images/img_6891.png	욋
images/img_6892.png	욌
images/img_6893.png	욍
images/img_6894.png	욎
images/img_6895.png	욏
images/img_6896.png	욐
images/img_6897.png	욑
images/img_6898.png	욒
images/img_6899.png	욓
images/img_6900.png	요
images/img_6901.png	욕
images/img_6902.png	욖
images/img_6903.png	욗
images/img_6904.png	욘
images/img_6905.png	욙
images/img_6906.png	욚
images/img_6907.png	욛
images/img_6908.png	욜
images/img_6909.png	욝
images/img_6910.png	욞
images/img_6911.png	욟
images/img_6912.png	욠
images/img_6913.png	욡
images/img_6914.png	욢
images/img_6915.png	욣
images/img_6916.png	욤
images/img_6917.png	욥
images/img_6918.png	욦
images/img_6919.png	욧
images/img_6920.png	욨
images/img_6921.png	용
images/img_6922.png	욪
images/img_6923.png	욫
images/img_6924.png	욬
images/img_6925.png	욭
images/img_6926.png	욮
images/img_6927.png	욯
images/img_6928.png	우
images/img_6929.png	욱
images/img_6930.png	욲
images/img_6931.png	욳
images/img_6932.png	운
images/img_6933.png	욵
images/img_6934.png	욶
images/img_6935.png	욷
images/img_6936.png	울
images/img_6937.png	욹
images/img_6938.png	욺
images/img_6939.png	욻
images/img_6940.png	욼
images/img_6941.png	욽
images/img_6942.png	욾
images/img_6943.png	욿
images/img_6944.png	움
images/img_6945.png	웁
images/img_6946.png	웂
images/img_6947.png	웃
images/img_6948.png	웄
images/img_6949.png	웅
images/img_6950.png	웆
images/img_6951.png	웇
images/img_6952.png	웈
images/img_6953.png	웉
images/img_6954.png	웊
images/img_6955.png	웋
images/img_6956.png	워
images/img_6957.png	웍
images/img_6958.png	웎
images/img_6959.png	웏
images/img_6960.png	원
images/img_6961.png	웑
images/img_6962.png	웒
images/img_6963.png	웓
images/img_6964.png	월
images/img_6965.png	웕
images/img_6966.png	웖
images/img_6967.png	웗
images/img_6968.png	웘
images/img_6969.png	웙
images/img_6970.png	웚
images/img_6971.png	웛
images/img_6972.png	웜
images/img_6973.png	웝
images/img_6974.png	웞
images/img_6975.png	웟
images/img_6976.png	웠
images/img_6977.png	웡
images/img_6978.png	웢
images/img_6979.png	웣
images/img_6980.png	웤
images/img_6981.png	웥
images/img_6982.png	웦
images/img_6983.png	웧
images/img_6984.png	웨
images/img_6985.png	웩
images/img_6986.png	웪
images/img_6987.png	웫
images/img_6988.png	웬
images/img_6989.png	웭
images/img_6990.png	웮
images/img_6991.png	웯
images/img_6992.png	웰
images/img_6993.png	웱
images/img_6994.png	웲
images/img_6995.png	웳
images/img_6996.png	웴
images/img_6997.png	웵
images/img_6998.png	웶
images/img_6999.png	웷
images/img_7000.png	웸
images/img_7001.png	웹
images/img_7002.png	웺
images/img_7003.png	웻
images/img_7004.png	웼
images/img_7005.png	웽
images/img_7006.png	웾
images/img_7007.png	웿
images/img_7008.png	윀
images/img_7009.png	윁
images/img_7010.png	윂
images/img_7011.png	윃
images/img_7012.png	위
images/img_7013.png	윅
images/img_7014.png	윆
images/img_7015.png	윇
images/img_7016.png	윈
images/img_7017.png	윉
images/img_7018.png	윊
images/img_7019.png	윋
images/img_7020.png	윌
images/img_7021.png	윍
images/img_7022.png	윎
images/img_7023.png	윏
images/img_7024.png	윐
images/img_7025.png	윑
images/img_7026.png	윒
images/img_7027.png	윓
images/img_7028.png	윔
images/img_7029.png	윕
images/img_7030.png	윖
images/img_7031.png	윗
images/img_7032.png	윘
images/img_7033.png	윙
images/img_7034.png	윚
images/img_7035.png	윛
images/img_7036.png	윜
images/img_7037.png	윝
images/img_7038.png	윞
images/img_7039.png	윟
images/img_7040.png	유
images/img_7041.png	육
images/img_7042.png	윢
images/img_7043.png	윣
images/img_7044.png	윤
images/img_7045.png	윥
images/img_7046.png	윦
images/img_7047.png	윧
images/img_7048.png	율
images/img_7049.png	윩
images/img_7050.png	윪
images/img_7051.png	윫
images/img_7052.png	윬
images/img_7053.png	윭
images/img_7054.png	윮
images/img_7055.png	윯
images/img_7056.png	윰
images/img_7057.png	윱
images/img_7058.png	윲
images/img_7059.png	윳
images/img_7060.png	윴
images/img_7061.png	융
images/img_7062.png	윶
images/img_7063.png	윷
images/img_7064.png	윸
images/img_7065.png	윹
images/img_7066.png	윺
images/img_7067.png	윻
images/img_7068.png	으
images/img_7069.png	윽
images/img_7070.png	윾
images/img_7071.png	윿
images/img_7072.png	은
images/img_7073.png	읁
images/img_7074.png	읂
images/img_7075.png	읃
images/img_7076.png	을
images/img_7077.png	읅
images/img_7078.png	읆
images/img_7079.png	읇
images/img_7080.png	읈
images/img_7081.png	읉
images/img_7082.png	읊
images/img_7083.png	읋
images/img_7084.png	음
images/img_7085.png	읍
images/img_7086.png	읎
images/img_7087.png	읏
images/img_7088.png	읐
images/img_7089.png	응
images/img_7090.png	읒
images/img_7091.png	읓
images/img_7092.png	읔
images/img_7093.png	읕
images/img_7094.png	읖
images/img_7095.png	읗
images/img_7096.png	의
images/img_7097.png	읙
images/img_7098.png	읚
images/img_7099.png	읛
images/img_7100.png	읜
images/img_7101.png	읝
images/img_7102.png	읞
images/img_7103.png	읟
images/img_7104.png	읠
images/img_7105.png	읡
images/img_7106.png	읢
images/img_7107.png	읣
images/img_7108.png	읤
images/img_7109.png	읥
images/img_7110.png	읦
images/img_7111.png	읧
images/img_7112.png	읨
images/img_7113.png	읩
images/img_7114.png	읪
images/img_7115.png	읫
images/img_7116.png	읬
images/img_7117.png	읭
images/img_7118.png	읮
images/img_7119.png	읯
images/img_7120.png	읰
images/img_7121.png	읱
images/img_7122.png	읲
images/img_7123.png	읳
images/img_7124.png	이
images/img_7125.png	익
images/img_7126.png	읶
images/img_7127.png	읷
images/img_7128.png	인
images/img_7129.png	읹
images/img_7130.png	읺
images/img_7131.png	읻
images/img_7132.png	일
images/img_7133.png	읽
images/img_7134.png	읾
images/img_7135.png	읿
images/img_7136.png	잀
images/img_7137.png	잁
images/img_7138.png	잂
images/img_7139.png	잃
images/img_7140.png	임
images/img_7141.png	입
images/img_7142.png	잆
images/img_7143.png	잇
images/img_7144.png	있
images/img_7145.png	잉
images/img_7146.png	잊
images/img_7147.png	잋
images/img_7148.png	잌
images/img_7149.png	잍
images/img_7150.png	잎
images/img_7151.png	잏
images/img_7152.png	자
images/img_7153.png	작
images/img_7154.png	잒
images/img_7155.png	잓
images/img_7156.png	잔
images/img_7157.png	잕
images/img_7158.png	잖
images/img_7159.png	잗
images/img_7160.png	잘
images/img_7161.png	잙
images/img_7162.png	잚
images/img_7163.png	잛
images/img_7164.png	잜
images/img_7165.png	잝
images/img_7166.png	잞
images/img_7167.png	잟
images/img_7168.png	잠
images/img_7169.png	잡
images/img_7170.png	잢
images/img_7171.png	잣
images/img_7172.png	잤
images/img_7173.png	장
images/img_7174.png	잦
images/img_7175.png	잧
images/img_7176.png	잨
images/img_7177.png	잩
images/img_7178.png	잪
images/img_7179.png	잫
images/img_7180.png	재
images/img_7181.png	잭
images/img_7182.png	잮
images/img_7183.png	잯
images/img_7184.png	잰
images/img_7185.png	잱
images/img_7186.png	잲
images/img_7187.png	잳
images/img_7188.png	잴
images/img_7189.png	잵
images/img_7190.png	잶
images/img_7191.png	잷
images/img_7192.png	잸
images/img_7193.png	잹
images/img_7194.png	잺
images/img_7195.png	잻
images/img_7196.png	잼
images/img_7197.png	잽
images/img_7198.png	잾
images/img_7199.png	잿
images/img_7200.png	쟀
images/img_7201.png	쟁
images/img_7202.png	쟂
images/img_7203.png	쟃
images/img_7204.png	쟄
images/img_7205.png	쟅
images/img_7206.png	쟆
images/img_7207.png	쟇
images/img_7208.png	쟈
images/img_7209.png	쟉
images/img_7210.png	쟊
images/img_7211.png	쟋
images/img_7212.png	쟌
images/img_7213.png	쟍
images/img_7214.png	쟎
images/img_7215.png	쟏
images/img_7216.png	쟐
images/img_7217.png	쟑
images/img_7218.png	쟒
images/img_7219.png	쟓
images/img_7220.png	쟔
images/img_7221.png	쟕
images/img_7222.png	쟖
images/img_7223.png	쟗
images/img_7224.png	쟘
images/img_7225.png	쟙
images/img_7226.png	쟚
images/img_7227.png	쟛
images/img_7228.png	쟜
images/img_7229.png	쟝
images/img_7230.png	쟞
images/img_7231.png	쟟
images/img_7232.png	쟠
images/img_7233.png	쟡
images/img_7234.png	쟢
images/img_7235.png	쟣
images/img_7236.png	쟤
images/img_7237.png	쟥
images/img_7238.png	쟦
images/img_7239.png	쟧
images/img_7240.png	쟨
images/img_7241.png	쟩
images/img_7242.png	쟪
images/img_7243.png	쟫
images/img_7244.png	쟬
images/img_7245.png	쟭
images/img_7246.png	쟮
images/img_7247.png	쟯
images/img_7248.png	쟰
images/img_7249.png	쟱
images/img_7250.png	쟲
images/img_7251.png	쟳
images/img_7252.png	쟴
images/img_7253.png	쟵
images/img_7254.png	쟶
images/img_7255.png	쟷
images/img_7256.png	쟸
images/img_7257.png	쟹
images/img_7258.png	쟺
images/img_7259.png	쟻
images/img_7260.png	쟼
images/img_7261.png	쟽
images/img_7262.png	쟾
images/img_7263.png	쟿
images/img_7264.png	저
images/img_7265.png	적
images/img_7266.png	젂
images/img_7267.png	젃
images/img_7268.png	전
images/img_7269.png	젅
images/img_7270.png	젆
images/img_7271.png	젇
images/img_7272.png	절
images/img_7273.png	젉
images/img_7274.png	젊
images/img_7275.png	젋
images/img_7276.png	젌
images/img_7277.png	젍
images/img_7278.png	젎
images/img_7279.png	젏
images/img_7280.png	점
images/img_7281.png	접
images/img_7282.png	젒
images/img_7283.png	젓
images/img_7284.png	젔
images/img_7285.png	정
images/img_7286.png	젖
images/img_7287.png	젗
images/img_7288.png	젘
images/img_7289.png	젙
images/img_7290.png	젚
images/img_7291.png	젛
images/img_7292.png	제
images/img_7293.png	젝
images/img_7294.png	젞
images/img_7295.png	젟
images/img_7296.png	젠
images/img_7297.png	젡
images/img_7298.png	젢
images/img_7299.png	젣
images/img_7300.png	젤
images/img_7301.png	젥
images/img_7302.png	젦
images/img_7303.png	젧
images/img_7304.png	젨
images/img_7305.png	젩
images/img_7306.png	젪
images/img_7307.png	젫
images/img_7308.png	젬
images/img_7309.png	젭
images/img_7310.png	젮
images/img_7311.png	젯
images/img_7312.png	젰
images/img_7313.png	젱
images/img_7314.png	젲
images/img_7315.png	젳
images/img_7316.png	젴
images/img_7317.png	젵
images/img_7318.png	젶
images/img_7319.png	젷
images/img_7320.png	져
images/img_7321.png	젹
images/img_7322.png	젺
images/img_7323.png	젻
images/img_7324.png	젼
images/img_7325.png	젽
images/img_7326.png	젾
images/img_7327.png	젿
images/img_7328.png	졀
images/img_7329.png	졁
images/img_7330.png	졂
images/img_7331.png	졃
images/img_7332.png	졄
images/img_7333.png	졅
images/img_7334.png	졆
images/img_7335.png	졇
images/img_7336.png	졈
images/img_7337.png	졉
images/img_7338.png	졊
images/img_7339.png	졋
images/img_7340.png	졌
images/img_7341.png	졍
images/img_7342.png	졎
images/img_7343.png	졏
images/img_7344.png	졐
images/img_7345.png	졑
images/img_7346.png	졒
images/img_7347.png	졓
images/img_7348.png	졔
images/img_7349.png	졕
images/img_7350.png	졖
images/img_7351.png	졗
images/img_7352.png	졘
images/img_7353.png	졙
images/img_7354.png	졚
images/img_7355.png	졛
images/img_7356.png	졜
images/img_7357.png	졝
images/img_7358.png	졞
images/img_7359.png	졟
images/img_7360.png	졠
images/img_7361.png	졡
images/img_7362.png	졢
images/img_7363.png	졣
images/img_7364.png	졤
images/img_7365.png	졥
images/img_7366.png	졦
images/img_7367.png	졧
images/img_7368.png	졨
images/img_7369.png	졩
images/img_7370.png	졪
images/img_7371.png	졫
images/img_7372.png	졬
images/img_7373.png	졭
images/img_7374.png	졮
images/img_7375.png	졯
images/img_7376.png	조
images/img_7377.png	족
images/img_7378.png	졲
images/img_7379.png	졳
images/img_7380.png	존
images/img_7381.png	졵
images/img_7382.png	졶
images/img_7383.png	졷
images/img_7384.png	졸
images/img_7385.png	졹
images/img_7386.png	졺
images/img_7387.png	졻
images/img_7388.png	졼
images/img_7389.png	졽
images/img_7390.png	졾
images/img_7391.png	졿
images/img_7392.png	좀
images/img_7393.png	좁
images/img_7394.png	좂
images/img_7395.png	좃
images/img_7396.png	좄
images/img_7397.png	종
images/img_7398.png	좆
images/img_7399.png	좇
images/img_7400.png	좈
images/img_7401.png	좉
images/img_7402.png	좊
images/img_7403.png	좋
images/img_7404.png	좌
images/img_7405.png	좍
images/img_7406.png	좎
images/img_7407.png	좏
images/img_7408.png	좐
images/img_7409.png	좑
images/img_7410.png	좒
images/img_7411.png	좓
images/img_7412.png	좔
images/img_7413.png	좕
images/img_7414.png	좖
images/img_7415.png	좗
images/img_7416.png	좘
images/img_7417.png	좙
images/img_7418.png	좚
images/img_7419.png	좛
images/img_7420.png	좜
images/img_7421.png	좝
images/img_7422.png	좞
images/img_7423.png	좟
images/img_7424.png	좠
images/img_7425.png	좡
images/img_7426.png	좢
images/img_7427.png	좣
images/img_7428.png	좤
images/img_7429.png	좥
images/img_7430.png	좦
images/img_7431.png	좧
images/img_7432.png	좨
images/img_7433.png	좩
images/img_7434.png	좪
images/img_7435.png	좫
images/img_7436.png	좬
images/img_7437.png	좭
images/img_7438.png	좮
images/img_7439.png	좯
images/img_7440.png	좰
images/img_7441.png	좱
images/img_7442.png	좲
images/img_7443.png	좳
images/img_7444.png	좴
images/img_7445.png	좵
images/img_7446.png	좶
images/img_7447.png	좷
images/img_7448.png	좸
images/img_7449.png	좹
images/img_7450.png	좺
images/img_7451.png	좻
images/img_7452.png	좼
images/img_7453.png	좽
images/img_7454.png	좾
images/img_7455.png	좿
images/img_7456.png	죀
images/img_7457.png	죁
images/img_7458.png	죂
images/img_7459.png	죃
images/img_7460.png	죄
images/img_7461.png	죅
images/img_7462.png	죆
images/img_7463.png	죇
images/img_7464.png	죈
images/img_7465.png	죉
images/img_7466.png	죊
images/img_7467.png	죋
images/img_7468.png	죌
images/img_7469.png	죍
images/img_7470.png	죎
images/img_7471.png	죏
images/img_7472.png	죐
images/img_7473.png	죑
images/img_7474.png	죒
images/img_7475.png	죓
images/img_7476.png	죔
images/img_7477.png	죕
images/img_7478.png	죖
images/img_7479.png	죗
images/img_7480.png	죘
images/img_7481.png	죙
images/img_7482.png	죚
images/img_7483.png	죛
images/img_7484.png	죜
images/img_7485.png	죝
images/img_7486.png	죞
images/img_7487.png	죟
images/img_7488.png	죠
images/img_7489.png	죡
images/img_7490.png	죢
images/img_7491.png	죣
images/img_7492.png	죤
images/img_7493.png	죥
images/img_7494.png	죦
images/img_7495.png	죧
images/img_7496.png	죨
images/img_7497.png	죩
images/img_7498.png	죪
images/img_7499.png	죫
images/img_7500.png	죬
images/img_7501.png	죭
images/img_7502.png	죮
images/img_7503.png	죯
images/img_7504.png	죰
images/img_7505.png	죱
images/img_7506.png	죲
images/img_7507.png	죳
images/img_7508.png	죴
images/img_7509.png	죵
images/img_7510.png	죶
images/img_7511.png	죷
images/img_7512.png	죸
images/img_7513.png	죹
images/img_7514.png	죺
images/img_7515.png	죻
images/img_7516.png	주
images/img_7517.png	죽
images/img_7518.png	죾
images/img_7519.png	죿
images/img_7520.png	준
images/img_7521.png	줁
images/img_7522.png	줂
images/img_7523.png	줃
images/img_7524.png	줄
images/img_7525.png	줅
images/img_7526.png	줆
images/img_7527.png	줇
images/img_7528.png	줈
images/img_7529.png	줉
images/img_7530.png	줊
images/img_7531.png	줋
images/img_7532.png	줌
images/img_7533.png	줍
images/img_7534.png	줎
images/img_7535.png	줏
images/img_7536.png	줐
images/img_7537.png	중
images/img_7538.png	줒
images/img_7539.png	줓
images/img_7540.png	줔
images/img_7541.png	줕
images/img_7542.png	줖
images/img_7543.png	줗
images/img_7544.png	줘
images/img_7545.png	줙
images/img_7546.png	줚
images/img_7547.png	줛
images/img_7548.png	줜
images/img_7549.png	줝
images/img_7550.png	줞
images/img_7551.png	줟
images/img_7552.png	줠
images/img_7553.png	줡
images/img_7554.png	줢
images/img_7555.png	줣
images/img_7556.png	줤
images/img_7557.png	줥
images/img_7558.png	줦
images/img_7559.png	줧
images/img_7560.png	줨
images/img_7561.png	줩
images/img_7562.png	줪
images/img_7563.png	줫
images/img_7564.png	줬
images/img_7565.png	줭
images/img_7566.png	줮
images/img_7567.png	줯
images/img_7568.png	줰
images/img_7569.png	줱
images/img_7570.png	줲
images/img_7571.png	줳
images/img_7572.png	줴
images/img_7573.png	줵
images/img_7574.png	줶
images/img_7575.png	줷
images/img_7576.png	줸
images/img_7577.png	줹
images/img_7578.png	줺
images/img_7579.png	줻
images/img_7580.png	줼
images/img_7581.png	줽
images/img_7582.png	줾
images/img_7583.png	줿
images/img_7584.png	쥀
images/img_7585.png	쥁
images/img_7586.png	쥂
images/img_7587.png	쥃
images/img_7588.png	쥄
images/img_7589.png	쥅
images/img_7590.png	쥆
images/img_7591.png	쥇
images/img_7592.png	쥈
images/img_7593.png	쥉
images/img_7594.png	쥊
images/img_7595.png	쥋
images/img_7596.png	쥌
images/img_7597.png	쥍
images/img_7598.png	쥎
images/img_7599.png	쥏
images/img_7600.png	쥐
images/img_7601.png	쥑
images/img_7602.png	쥒
images/img_7603.png	쥓
images/img_7604.png	쥔
images/img_7605.png	쥕
images/img_7606.png	쥖
images/img_7607.png	쥗
images/img_7608.png	쥘
images/img_7609.png	쥙
images/img_7610.png	쥚
images/img_7611.png	쥛
images/img_7612.png	쥜
images/img_7613.png	쥝
images/img_7614.png	쥞
images/img_7615.png	쥟
images/img_7616.png	쥠
images/img_7617.png	쥡
images/img_7618.png	쥢
images/img_7619.png	쥣
images/img_7620.png	쥤
images/img_7621.png	쥥
images/img_7622.png	쥦
images/img_7623.png	쥧
images/img_7624.png	쥨
images/img_7625.png	쥩
images/img_7626.png	쥪
images/img_7627.png	쥫
images/img_7628.png	쥬
images/img_7629.png	쥭
images/img_7630.png	쥮
images/img_7631.png	쥯
images/img_7632.png	쥰
images/img_7633.png	쥱
images/img_7634.png	쥲
images/img_7635.png	쥳
images/img_7636.png	쥴
images/img_7637.png	쥵
images/img_7638.png	쥶
images/img_7639.png	쥷
images/img_7640.png	쥸
images/img_7641.png	쥹
images/img_7642.png	쥺
images/img_7643.png	쥻
images/img_7644.png	쥼
images/img_7645.png	쥽
images/img_7646.png	쥾
images/img_7647.png	쥿
images/img_7648.png	즀
images/img_7649.png	즁
images/img_7650.png	즂
images/img_7651.png	즃
images/img_7652.png	즄
images/img_7653.png	즅
images/img_7654.png	즆
images/img_7655.png	즇
images/img_7656.png	즈
images/img_7657.png	즉
images/img_7658.png	즊
images/img_7659.png	즋
images/img_7660.png	즌
images/img_7661.png	즍
images/img_7662.png	즎
images/img_7663.png	즏
images/img_7664.png	즐
images/img_7665.png	즑
images/img_7666.png	즒
images/img_7667.png	즓
images/img_7668.png	즔
images/img_7669.png	즕
images/img_7670.png	즖
images/img_7671.png	즗
images/img_7672.png	즘
images/img_7673.png	즙
images/img_7674.png	즚
images/img_7675.png	즛
images/img_7676.png	즜
images/img_7677.png	증
images/img_7678.png	즞
images/img_7679.png	즟
images/img_7680.png	즠
images/img_7681.png	즡
images/img_7682.png	즢
images/img_7683.png	즣
images/img_7684.png	즤
images/img_7685.png	즥
images/img_7686.png	즦
images/img_7687.png	즧
images/img_7688.png	즨
images/img_7689.png	즩
images/img_7690.png	즪
images/img_7691.png	즫
images/img_7692.png	즬
images/img_7693.png	즭
images/img_7694.png	즮
images/img_7695.png	즯
images/img_7696.png	즰
images/img_7697.png	즱
images/img_7698.png	즲
images/img_7699.png	즳
images/img_7700.png	즴
images/img_7701.png	즵
images/img_7702.png	즶
images/img_7703.png	즷
images/img_7704.png	즸
images/img_7705.png	즹
images/img_7706.png	즺
images/img_7707.png	즻
images/img_7708.png	즼
images/img_7709.png	즽
images/img_7710.png	즾
images/img_7711.png	즿
images/img_7712.png	지
images/img_7713.png	직
images/img_7714.png	짂
images/img_7715.png	짃
images/img_7716.png	진
images/img_7717.png	짅
images/img_7718.png	짆
images/img_7719.png	짇
images/img_7720.png	질
images/img_7721.png	짉
images/img_7722.png	짊
images/img_7723.png	짋
images/img_7724.png	짌
images/img_7725.png	짍
images/img_7726.png	짎
images/img_7727.png	짏
images/img_7728.png	짐
images/img_7729.png	집
images/img_7730.png	짒
images/img_7731.png	짓
images/img_7732.png	짔
images/img_7733.png	징
images/img_7734.png	짖
images/img_7735.png	짗
images/img_7736.png	짘
images/img_7737.png	짙
images/img_7738.png	짚
images/img_7739.png	짛
images/img_7740.png	짜
images/img_7741.png	짝
images/img_7742.png	짞
images/img_7743.png	짟
images/img_7744.png	짠
images/img_7745.png	짡
images/img_7746.png	짢
images/img_7747.png	짣
images/img_7748.png	짤
images/img_7749.png	짥
images/img_7750.png	짦
images/img_7751.png	짧
images/img_7752.png	짨
images/img_7753.png	짩
images/img_7754.png	짪
images/img_7755.png	짫
images/img_7756.png	짬
images/img_7757.png	짭
images/img_7758.png	짮
images/img_7759.png	짯
images/img_7760.png	짰
images/img_7761.png	짱
images/img_7762.png	짲
images/img_7763.png	짳
images/img_7764.png	짴
images/img_7765.png	짵
images/img_7766.png	짶
images/img_7767.png	짷
images/img_7768.png	째
images/img_7769.png	짹
images/img_7770.png	짺
images/img_7771.png	짻
images/img_7772.png	짼
images/img_7773.png	짽
images/img_7774.png	짾
images/img_7775.png	짿
images/img_7776.png	쨀
images/img_7777.png	쨁
images/img_7778.png	쨂
images/img_7779.png	쨃
images/img_7780.png	쨄
images/img_7781.png	쨅
images/img_7782.png	쨆
images/img_7783.png	쨇
images/img_7784.png	쨈
images/img_7785.png	쨉
images/img_7786.png	쨊
images/img_7787.png	쨋
images/img_7788.png	쨌
images/img_7789.png	쨍
images/img_7790.png	쨎
images/img_7791.png	쨏
images/img_7792.png	쨐
images/img_7793.png	쨑
images/img_7794.png	쨒
images/img_7795.png	쨓
images/img_7796.png	쨔
images/img_7797.png	쨕
images/img_7798.png	쨖
images/img_7799.png	쨗
images/img_7800.png	쨘
images/img_7801.png	쨙
images/img_7802.png	쨚
images/img_7803.png	쨛
images/img_7804.png	쨜
images/img_7805.png	쨝
images/img_7806.png	쨞
images/img_7807.png	쨟
images/img_7808.png	쨠
images/img_7809.png	쨡
images/img_7810.png	쨢
images/img_7811.png	쨣
images/img_7812.png	쨤
images/img_7813.png	쨥
images/img_7814.png	쨦
images/img_7815.png	쨧
images/img_7816.png	쨨
images/img_7817.png	쨩
images/img_7818.png	쨪
images/img_7819.png	쨫
images/img_7820.png	쨬
images/img_7821.png	쨭
images/img_7822.png	쨮
images/img_7823.png	쨯
images/img_7824.png	쨰
images/img_7825.png	쨱
images/img_7826.png	쨲
images/img_7827.png	쨳
images/img_7828.png	쨴
images/img_7829.png	쨵
images/img_7830.png	쨶
images/img_7831.png	쨷
images/img_7832.png	쨸
images/img_7833.png	쨹
images/img_7834.png	쨺
images/img_7835.png	쨻
images/img_7836.png	쨼
images/img_7837.png	쨽
images/img_7838.png	쨾
images/img_7839.png	쨿
images/img_7840.png	쩀
images/img_7841.png	쩁
images/img_7842.png	쩂
images/img_7843.png	쩃
images/img_7844.png	쩄
images/img_7845.png	쩅
images/img_7846.png	쩆
images/img_7847.png	쩇
images/img_7848.png	쩈
images/img_7849.png	쩉
images/img_7850.png	쩊
images/img_7851.png	쩋
images/img_7852.png	쩌
images/img_7853.png	쩍
images/img_7854.png	쩎
images/img_7855.png	쩏
images/img_7856.png	쩐
images/img_7857.png	쩑
images/img_7858.png	쩒
images/img_7859.png	쩓
images/img_7860.png	쩔
images/img_7861.png	쩕
images/img_7862.png	쩖
images/img_7863.png	쩗
images/img_7864.png	쩘
images/img_7865.png	쩙
images/img_7866.png	쩚
images/img_7867.png	쩛
images/img_7868.png	쩜
images/img_7869.png	쩝
images/img_7870.png	쩞
images/img_7871.png	쩟
images/img_7872.png	쩠
images/img_7873.png	쩡
images/img_7874.png	쩢
images/img_7875.png	쩣
images/img_7876.png	쩤
images/img_7877.png	쩥
images/img_7878.png	쩦
images/img_7879.png	쩧
images/img_7880.png	쩨
images/img_7881.png	쩩
images/img_7882.png	쩪
images/img_7883.png	쩫
images/img_7884.png	쩬
images/img_7885.png	쩭
images/img_7886.png	쩮
images/img_7887.png	쩯
images/img_7888.png	쩰
images/img_7889.png	쩱
images/img_7890.png	쩲
images/img_7891.png	쩳
images/img_7892.png	쩴
images/img_7893.png	쩵
images/img_7894.png	쩶
images/img_7895.png	쩷
images/img_7896.png	쩸
images/img_7897.png	쩹
images/img_7898.png	쩺
images/img_7899.png	쩻
images/img_7900.png	쩼
images/img_7901.png	쩽
images/img_7902.png	쩾
images/img_7903.png	쩿
images/img_7904.png	쪀
images/img_7905.png	쪁
images/img_7906.png	쪂
images/img_7907.png	쪃
images/img_7908.png	쪄
images/img_7909.png	쪅
images/img_7910.png	쪆
images/img_7911.png	쪇
images/img_7912.png	쪈
images/img_7913.png	쪉
images/img_7914.png	쪊
images/img_7915.png	쪋
images/img_7916.png	쪌
images/img_7917.png	쪍
images/img_7918.png	쪎
images/img_7919.png	쪏
images/img_7920.png	쪐
images/img_7921.png	쪑
images/img_7922.png	쪒
images/img_7923.png	쪓
images/img_7924.png	쪔
images/img_7925.png	쪕
images/img_7926.png	쪖
images/img_7927.png	쪗
images/img_7928.png	쪘
images/img_7929.png	쪙
images/img_7930.png	쪚
images/img_7931.png	쪛
images/img_7932.png	쪜
images/img_7933.png	쪝
images/img_7934.png	쪞
images/img_7935.png	쪟
images/img_7936.png	쪠
images/img_7937.png	쪡
images/img_7938.png	쪢
images/img_7939.png	쪣
images/img_7940.png	쪤
images/img_7941.png	쪥
images/img_7942.png	쪦
images/img_7943.png	쪧
images/img_7944.png	쪨
images/img_7945.png	쪩
images/img_7946.png	쪪
images/img_7947.png	쪫
images/img_7948.png	쪬
images/img_7949.png	쪭
images/img_7950.png	쪮
images/img_7951.png	쪯
images/img_7952.png	쪰
images/img_7953.png	쪱
images/img_7954.png	쪲
images/img_7955.png	쪳
images/img_7956.png	쪴
images/img_7957.png	쪵
images/img_7958.png	쪶
images/img_7959.png	쪷
images/img_7960.png	쪸
images/img_7961.png	쪹
images/img_7962.png	쪺
images/img_7963.png	쪻
images/img_7964.png	쪼
images/img_7965.png	쪽
images/img_7966.png	쪾
images/img_7967.png	쪿
images/img_7968.png	쫀
images/img_7969.png	쫁
images/img_7970.png	쫂
images/img_7971.png	쫃
images/img_7972.png	쫄
images/img_7973.png	쫅
images/img_7974.png	쫆
images/img_7975.png	쫇
images/img_7976.png	쫈
images/img_7977.png	쫉
images/img_7978.png	쫊
images/img_7979.png	쫋
images/img_7980.png	쫌
images/img_7981.png	쫍
images/img_7982.png	쫎
images/img_7983.png	쫏
images/img_7984.png	쫐
images/img_7985.png	쫑
images/img_7986.png	쫒
images/img_7987.png	쫓
images/img_7988.png	쫔
images/img_7989.png	쫕
images/img_7990.png	쫖
images/img_7991.png	쫗
images/img_7992.png	쫘
images/img_7993.png	쫙
images/img_7994.png	쫚
images/img_7995.png	쫛
images/img_7996.png	쫜
images/img_7997.png	쫝
images/img_7998.png	쫞
images/img_7999.png	쫟
images/img_8000.png	쫠
images/img_8001.png	쫡
images/img_8002.png	쫢
images/img_8003.png	쫣
images/img_8004.png	쫤
images/img_8005.png	쫥
images/img_8006.png	쫦
images/img_8007.png	쫧
images/img_8008.png	쫨
images/img_8009.png	쫩
images/img_8010.png	쫪
images/img_8011.png	쫫
images/img_8012.png	쫬
images/img_8013.png	쫭
images/img_8014.png	쫮
images/img_8015.png	쫯
images/img_8016.png	쫰
images/img_8017.png	쫱
images/img_8018.png	쫲
images/img_8019.png	쫳
images/img_8020.png	쫴
images/img_8021.png	쫵
images/img_8022.png	쫶
images/img_8023.png	쫷
images/img_8024.png	쫸
images/img_8025.png	쫹
images/img_8026.png	쫺
images/img_8027.png	쫻
images/img_8028.png	쫼
images/img_8029.png	쫽
images/img_8030.png	쫾
images/img_8031.png	쫿
images/img_8032.png	쬀
images/img_8033.png	쬁
images/img_8034.png	쬂
images/img_8035.png	쬃
images/img_8036.png	쬄
images/img_8037.png	쬅
images/img_8038.png	쬆
images/img_8039.png	쬇
images/img_8040.png	쬈
images/img_8041.png	쬉
images/img_8042.png	쬊
images/img_8043.png	쬋
images/img_8044.png	쬌
images/img_8045.png	쬍
images/img_8046.png	쬎
images/img_8047.png	쬏
images/img_8048.png	쬐
images/img_8049.png	쬑
images/img_8050.png	쬒
images/img_8051.png	쬓
images/img_8052.png	쬔
images/img_8053.png	쬕
images/img_8054.png	쬖
images/img_8055.png	쬗
images/img_8056.png	쬘
images/img_8057.png	쬙
images/img_8058.png	쬚
images/img_8059.png	쬛
images/img_8060.png	쬜
images/img_8061.png	쬝
images/img_8062.png	쬞
images/img_8063.png	쬟
images/img_8064.png	쬠
images/img_8065.png	쬡
images/img_8066.png	쬢
images/img_8067.png	쬣
images/img_8068.png	쬤
images/img_8069.png	쬥
images/img_8070.png	쬦
images/img_8071.png	쬧
images/img_8072.png	쬨
images/img_8073.png	쬩
images/img_8074.png	쬪
images/img_8075.png	쬫
images/img_8076.png	쬬
images/img_8077.png	쬭
images/img_8078.png	쬮
images/img_8079.png	쬯
images/img_8080.png	쬰
images/img_8081.png	쬱
images/img_8082.png	쬲
images/img_8083.png	쬳
images/img_8084.png	쬴
images/img_8085.png	쬵
images/img_8086.png	쬶
images/img_8087.png	쬷
images/img_8088.png	쬸
images/img_8089.png	쬹
images/img_8090.png	쬺
images/img_8091.png	쬻
images/img_8092.png	쬼
images/img_8093.png	쬽
images/img_8094.png	쬾
images/img_8095.png	쬿
images/img_8096.png	쭀
images/img_8097.png	쭁
images/img_8098.png	쭂
images/img_8099.png	쭃
images/img_8100.png	쭄
images/img_8101.png	쭅
images/img_8102.png	쭆
images/img_8103.png	쭇
images/img_8104.png	쭈
images/img_8105.png	쭉
images/img_8106.png	쭊
images/img_8107.png	쭋
images/img_8108.png	쭌
images/img_8109.png	쭍
images/img_8110.png	쭎
images/img_8111.png	쭏
images/img_8112.png	쭐
images/img_8113.png	쭑
images/img_8114.png	쭒
images/img_8115.png	쭓
images/img_8116.png	쭔
images/img_8117.png	쭕
images/img_8118.png	쭖
images/img_8119.png	쭗
images/img_8120.png	쭘
images/img_8121.png	쭙
images/img_8122.png	쭚
images/img_8123.png	쭛
images/img_8124.png	쭜
images/img_8125.png	쭝
images/img_8126.png	쭞
images/img_8127.png	쭟
images/img_8128.png	쭠
images/img_8129.png	쭡
images/img_8130.png	쭢
images/img_8131.png	쭣
images/img_8132.png	쭤
images/img_8133.png	쭥
images/img_8134.png	쭦
images/img_8135.png	쭧
images/img_8136.png	쭨
images/img_8137.png	쭩
images/img_8138.png	쭪
images/img_8139.png	쭫
images/img_8140.png	쭬
images/img_8141.png	쭭
images/img_8142.png	쭮
images/img_8143.png	쭯
images/img_8144.png	쭰
images/img_8145.png	쭱
images/img_8146.png	쭲
images/img_8147.png	쭳
images/img_8148.png	쭴
images/img_8149.png	쭵
images/img_8150.png	쭶
images/img_8151.png	쭷
images/img_8152.png	쭸
images/img_8153.png	쭹
images/img_8154.png	쭺
images/img_8155.png	쭻
images/img_8156.png	쭼
images/img_8157.png	쭽
images/img_8158.png	쭾
images/img_8159.png	쭿
images/img_8160.png	쮀
images/img_8161.png	쮁
images/img_8162.png	쮂
images/img_8163.png	쮃
images/img_8164.png	쮄
images/img_8165.png	쮅
images/img_8166.png	쮆
images/img_8167.png	쮇
images/img_8168.png	쮈
images/img_8169.png	쮉
images/img_8170.png	쮊
images/img_8171.png	쮋
images/img_8172.png	쮌
images/img_8173.png	쮍
images/img_8174.png	쮎
images/img_8175.png	쮏
images/img_8176.png	쮐
images/img_8177.png	쮑
images/img_8178.png	쮒
images/img_8179.png	쮓
images/img_8180.png	쮔
images/img_8181.png	쮕
images/img_8182.png	쮖
images/img_8183.png	쮗
images/img_8184.png	쮘
images/img_8185.png	쮙
images/img_8186.png	쮚
images/img_8187.png	쮛
images/img_8188.png	쮜
images/img_8189.png	쮝
images/img_8190.png	쮞
images/img_8191.png	쮟
images/img_8192.png	쮠
images/img_8193.png	쮡
images/img_8194.png	쮢
images/img_8195.png	쮣
images/img_8196.png	쮤
images/img_8197.png	쮥
images/img_8198.png	쮦
images/img_8199.png	쮧
images/img_8200.png	쮨
images/img_8201.png	쮩
images/img_8202.png	쮪
images/img_8203.png	쮫
images/img_8204.png	쮬
images/img_8205.png	쮭
images/img_8206.png	쮮
images/img_8207.png	쮯
images/img_8208.png	쮰
images/img_8209.png	쮱
images/img_8210.png	쮲
images/img_8211.png	쮳
images/img_8212.png	쮴
images/img_8213.png	쮵
images/img_8214.png	쮶
images/img_8215.png	쮷
images/img_8216.png	쮸
images/img_8217.png	쮹
images/img_8218.png	쮺
images/img_8219.png	쮻
images/img_8220.png	쮼
images/img_8221.png	쮽
images/img_8222.png	쮾
images/img_8223.png	쮿
images/img_8224.png	쯀
images/img_8225.png	쯁
images/img_8226.png	쯂
images/img_8227.png	쯃
images/img_8228.png	쯄
images/img_8229.png	쯅
images/img_8230.png	쯆
images/img_8231.png	쯇
images/img_8232.png	쯈
images/img_8233.png	쯉
images/img_8234.png	쯊
images/img_8235.png	쯋
images/img_8236.png	쯌
images/img_8237.png	쯍
images/img_8238.png	쯎
images/img_8239.png	쯏
images/img_8240.png	쯐
images/img_8241.png	쯑
images/img_8242.png	쯒
images/img_8243.png	쯓
images/img_8244.png	쯔
images/img_8245.png	쯕
images/img_8246.png	쯖
images/img_8247.png	쯗
images/img_8248.png	쯘
images/img_8249.png	쯙
images/img_8250.png	쯚
images/img_8251.png	쯛
images/img_8252.png	쯜
images/img_8253.png	쯝
images/img_8254.png	쯞
images/img_8255.png	쯟
images/img_8256.png	쯠
images/img_8257.png	쯡
images/img_8258.png	쯢
images/img_8259.png	쯣
images/img_8260.png	쯤
images/img_8261.png	쯥
images/img_8262.png	쯦
images/img_8263.png	쯧
images/img_8264.png	쯨
images/img_8265.png	쯩
images/img_8266.png	쯪
images/img_8267.png	쯫
images/img_8268.png	쯬
images/img_8269.png	쯭
images/img_8270.png	쯮
images/img_8271.png	쯯
images/img_8272.png	쯰
images/img_8273.png	쯱
images/img_8274.png	쯲
images/img_8275.png	쯳
images/img_8276.png	쯴
images/img_8277.png	쯵
images/img_8278.png	쯶
images/img_8279.png	쯷
images/img_8280.png	쯸
images/img_8281.png	쯹
images/img_8282.png	쯺
images/img_8283.png	쯻
images/img_8284.png	쯼
images/img_8285.png	쯽
images/img_8286.png	쯾
images/img_8287.png	쯿
images/img_8288.png	찀
images/img_8289.png	찁
images/img_8290.png	찂
images/img_8291.png	찃
images/img_8292.png	찄
images/img_8293.png	찅
images/img_8294.png	찆
images/img_8295.png	찇
images/img_8296.png	찈
images/img_8297.png	찉
images/img_8298.png	찊
images/img_8299.png	찋
images/img_8300.png	찌
images/img_8301.png	찍
images/img_8302.png	찎
images/img_8303.png	찏
images/img_8304.png	찐
images/img_8305.png	찑
images/img_8306.png	찒
images/img_8307.png	찓
images/img_8308.png	찔
images/img_8309.png	찕
images/img_8310.png	찖
images/img_8311.png	찗
images/img_8312.png	찘
images/img_8313.png	찙
images/img_8314.png	찚
images/img_8315.png	찛
images/img_8316.png	찜
images/img_8317.png	찝
images/img_8318.png	찞
images/img_8319.png	찟
images/img_8320.png	찠
images/img_8321.png	찡
images/img_8322.png	찢
images/img_8323.png	찣
images/img_8324.png	찤
images/img_8325.png	찥
images/img_8326.png	찦
images/img_8327.png	찧
images/img_8328.png	차
images/img_8329.png	착
images/img_8330.png	찪
images/img_8331.png	찫
images/img_8332.png	찬
images/img_8333.png	찭
images/img_8334.png	찮
images/img_8335.png	찯
images/img_8336.png	찰
images/img_8337.png	찱
images/img_8338.png	찲
images/img_8339.png	찳
images/img_8340.png	찴
images/img_8341.png	찵
images/img_8342.png	찶
images/img_8343.png	찷
images/img_8344.png	참
images/img_8345.png	찹
images/img_8346.png	찺
images/img_8347.png	찻
images/img_8348.png	찼
images/img_8349.png	창
images/img_8350.png	찾
images/img_8351.png	찿
images/img_8352.png	챀
images/img_8353.png	챁
images/img_8354.png	챂
images/img_8355.png	챃
images/img_8356.png	채
images/img_8357.png	책
images/img_8358.png	챆
images/img_8359.png	챇
images/img_8360.png	챈
images/img_8361.png	챉
images/img_8362.png	챊
images/img_8363.png	챋
images/img_8364.png	챌
images/img_8365.png	챍
images/img_8366.png	챎
images/img_8367.png	챏
images/img_8368.png	챐
images/img_8369.png	챑
images/img_8370.png	챒
images/img_8371.png	챓
images/img_8372.png	챔
images/img_8373.png	챕
images/img_8374.png	챖
images/img_8375.png	챗
images/img_8376.png	챘
images/img_8377.png	챙
images/img_8378.png	챚
images/img_8379.png	챛
images/img_8380.png	챜
images/img_8381.png	챝
images/img_8382.png	챞
images/img_8383.png	챟
images/img_8384.png	챠
images/img_8385.png	챡
images/img_8386.png	챢
images/img_8387.png	챣
images/img_8388.png	챤
images/img_8389.png	챥
images/img_8390.png	챦
images/img_8391.png	챧
images/img_8392.png	챨
images/img_8393.png	챩
images/img_8394.png	챪
images/img_8395.png	챫
images/img_8396.png	챬
images/img_8397.png	챭
images/img_8398.png	챮
images/img_8399.png	챯
images/img_8400.png	챰
images/img_8401.png	챱
images/img_8402.png	챲
images/img_8403.png	챳
images/img_8404.png	챴
images/img_8405.png	챵
images/img_8406.png	챶
images/img_8407.png	챷
images/img_8408.png	챸
images/img_8409.png	챹
images/img_8410.png	챺
images/img_8411.png	챻
images/img_8412.png	챼
images/img_8413.png	챽
images/img_8414.png	챾
images/img_8415.png	챿
images/img_8416.png	첀
images/img_8417.png	첁
images/img_8418.png	첂
images/img_8419.png	첃
images/img_8420.png	첄
images/img_8421.png	첅
images/img_8422.png	첆
images/img_8423.png	첇
images/img_8424.png	첈
images/img_8425.png	첉
images/img_8426.png	첊
images/img_8427.png	첋
images/img_8428.png	첌
images/img_8429.png	첍
images/img_8430.png	첎
images/img_8431.png	첏
images/img_8432.png	첐
images/img_8433.png	첑
images/img_8434.png	첒
images/img_8435.png	첓
images/img_8436.png	첔
images/img_8437.png	첕
images/img_8438.png	첖
images/img_8439.png	첗
images/img_8440.png	처
images/img_8441.png	척
images/img_8442.png	첚
images/img_8443.png	첛
images/img_8444.png	천
images/img_8445.png	첝
images/img_8446.png	첞
images/img_8447.png	첟
images/img_8448.png	철
images/img_8449.png	첡
images/img_8450.png	첢
images/img_8451.png	첣
images/img_8452.png	첤
images/img_8453.png	첥
images/img_8454.png	첦
images/img_8455.png	첧
images/img_8456.png	첨
images/img_8457.png	첩
images/img_8458.png	첪
images/img_8459.png	첫
images/img_8460.png	첬
images/img_8461.png	청
images/img_8462.png	첮
images/img_8463.png	첯
images/img_8464.png	첰
images/img_8465.png	첱
images/img_8466.png	첲
images/img_8467.png	첳
images/img_8468.png	체
images/img_8469.png	첵
images/img_8470.png	첶
images/img_8471.png	첷
images/img_8472.png	첸
images/img_8473.png	첹
images/img_8474.png	첺
images/img_8475.png	첻
images/img_8476.png	첼
images/img_8477.png	첽
images/img_8478.png	첾
images/img_8479.png	첿
images/img_8480.png	쳀
images/img_8481.png	쳁
images/img_8482.png	쳂
images/img_8483.png	쳃
images/img_8484.png	쳄
images/img_8485.png	쳅
images/img_8486.png	쳆
images/img_8487.png	쳇
images/img_8488.png	쳈
images/img_8489.png	쳉
images/img_8490.png	쳊
images/img_8491.png	쳋
images/img_8492.png	쳌
images/img_8493.png	쳍
images/img_8494.png	쳎
images/img_8495.png	쳏
images/img_8496.png	쳐
images/img_8497.png	쳑
images/img_8498.png	쳒
images/img_8499.png	쳓
images/img_8500.png	쳔
images/img_8501.png	쳕
images/img_8502.png	쳖
images/img_8503.png	쳗
images/img_8504.png	쳘
images/img_8505.png	쳙
images/img_8506.png	쳚
images/img_8507.png	쳛
images/img_8508.png	쳜
images/img_8509.png	쳝
images/img_8510.png	쳞
images/img_8511.png	쳟
images/img_8512.png	쳠
images/img_8513.png	쳡
images/img_8514.png	쳢
images/img_8515.png	쳣
images/img_8516.png	쳤
images/img_8517.png	쳥
images/img_8518.png	쳦
images/img_8519.png	쳧
images/img_8520.png	쳨
images/img_8521.png	쳩
images/img_8522.png	쳪
images/img_8523.png	쳫
images/img_8524.png	쳬
images/img_8525.png	쳭
images/img_8526.png	쳮
images/img_8527.png	쳯
images/img_8528.png	쳰
images/img_8529.png	쳱
images/img_8530.png	쳲
images/img_8531.png	쳳
images/img_8532.png	쳴
images/img_8533.png	쳵
images/img_8534.png	쳶
images/img_8535.png	쳷
images/img_8536.png	쳸
images/img_8537.png	쳹
images/img_8538.png	쳺
images/img_8539.png	쳻
images/img_8540.png	쳼
images/img_8541.png	쳽
images/img_8542.png	쳾
images/img_8543.png	쳿
images/img_8544.png	촀
images/img_8545.png	촁
images/img_8546.png	촂
images/img_8547.png	촃
images/img_8548.png	촄
images/img_8549.png	촅
images/img_8550.png	촆
images/img_8551.png	촇
images/img_8552.png	초
images/img_8553.png	촉
images/img_8554.png	촊
images/img_8555.png	촋
images/img_8556.png	촌
images/img_8557.png	촍
images/img_8558.png	촎
images/img_8559.png	촏
images/img_8560.png	촐
images/img_8561.png	촑
images/img_8562.png	촒
images/img_8563.png	촓
images/img_8564.png	촔
images/img_8565.png	촕
images/img_8566.png	촖
images/img_8567.png	촗
images/img_8568.png	촘
images/img_8569.png	촙
images/img_8570.png	촚
images/img_8571.png	촛
images/img_8572.png	촜
images/img_8573.png	총
images/img_8574.png	촞
images/img_8575.png	촟
images/img_8576.png	촠
images/img_8577.png	촡
images/img_8578.png	촢
images/img_8579.png	촣
images/img_8580.png	촤
images/img_8581.png	촥
images/img_8582.png	촦
images/img_8583.png	촧
images/img_8584.png	촨
images/img_8585.png	촩
images/img_8586.png	촪
images/img_8587.png	촫
images/img_8588.png	촬
images/img_8589.png	촭
images/img_8590.png	촮
images/img_8591.png	촯
images/img_8592.png	촰
images/img_8593.png	촱
images/img_8594.png	촲
images/img_8595.png	촳
images/img_8596.png	촴
images/img_8597.png	촵
images/img_8598.png	촶
images/img_8599.png	촷
images/img_8600.png	촸
images/img_8601.png	촹
images/img_8602.png	촺
images/img_8603.png	촻
images/img_8604.png	촼
images/img_8605.png	촽
images/img_8606.png	촾
images/img_8607.png	촿
images/img_8608.png	쵀
images/img_8609.png	쵁
images/img_8610.png	쵂
images/img_8611.png	쵃
images/img_8612.png	쵄
images/img_8613.png	쵅
images/img_8614.png	쵆
images/img_8615.png	쵇
images/img_8616.png	쵈
images/img_8617.png	쵉
images/img_8618.png	쵊
images/img_8619.png	쵋
images/img_8620.png	쵌
images/img_8621.png	쵍
images/img_8622.png	쵎
images/img_8623.png	쵏
images/img_8624.png	쵐
images/img_8625.png	쵑
images/img_8626.png	쵒
images/img_8627.png	쵓
images/img_8628.png	쵔
images/img_8629.png	쵕
images/img_8630.png	쵖
images/img_8631.png	쵗
images/img_8632.png	쵘
images/img_8633.png	쵙
images/img_8634.png	쵚
images/img_8635.png	쵛
images/img_8636.png	최
images/img_8637.png	쵝
images/img_8638.png	쵞
images/img_8639.png	쵟
images/img_8640.png	쵠
images/img_8641.png	쵡
images/img_8642.png	쵢
images/img_8643.png	쵣
images/img_8644.png	쵤
images/img_8645.png	쵥
images/img_8646.png	쵦
images/img_8647.png	쵧
images/img_8648.png	쵨
images/img_8649.png	쵩
images/img_8650.png	쵪
images/img_8651.png	쵫
images/img_8652.png	쵬
images/img_8653.png	쵭
images/img_8654.png	쵮
images/img_8655.png	쵯
images/img_8656.png	쵰
images/img_8657.png	쵱
images/img_8658.png	쵲
images/img_8659.png	쵳
images/img_8660.png	쵴
images/img_8661.png	쵵
images/img_8662.png	쵶
images/img_8663.png	쵷
images/img_8664.png	쵸
images/img_8665.png	쵹
images/img_8666.png	쵺
images/img_8667.png	쵻
images/img_8668.png	쵼
images/img_8669.png	쵽
images/img_8670.png	쵾
images/img_8671.png	쵿
images/img_8672.png	춀
images/img_8673.png	춁
images/img_8674.png	춂
images/img_8675.png	춃
images/img_8676.png	춄
images/img_8677.png	춅
images/img_8678.png	춆
images/img_8679.png	춇
images/img_8680.png	춈
images/img_8681.png	춉
images/img_8682.png	춊
images/img_8683.png	춋
images/img_8684.png	춌
images/img_8685.png	춍
images/img_8686.png	춎
images/img_8687.png	춏
images/img_8688.png	춐
images/img_8689.png	춑
images/img_8690.png	춒
images/img_8691.png	춓
images/img_8692.png	추
images/img_8693.png	축
images/img_8694.png	춖
images/img_8695.png	춗
images/img_8696.png	춘
images/img_8697.png	춙
images/img_8698.png	춚
images/img_8699.png	춛
images/img_8700.png	출
images/img_8701.png	춝
images/img_8702.png	춞
images/img_8703.png	춟
images/img_8704.png	춠
images/img_8705.png	춡
images/img_8706.png	춢
images/img_8707.png	춣
images/img_8708.png	춤
images/img_8709.png	춥
images/img_8710.png	춦
images/img_8711.png	춧
images/img_8712.png	춨
images/img_8713.png	충
images/img_8714.png	춪
images/img_8715.png	춫
images/img_8716.png	춬
images/img_8717.png	춭
images/img_8718.png	춮
images/img_8719.png	춯
images/img_8720.png	춰
images/img_8721.png	춱
images/img_8722.png	춲
images/img_8723.png	춳
images/img_8724.png	춴
images/img_8725.png	춵
images/img_8726.png	춶
images/img_8727.png	춷
images/img_8728.png	춸
images/img_8729.png	춹
images/img_8730.png	춺
images/img_8731.png	춻
images/img_8732.png	춼
images/img_8733.png	춽
images/img_8734.png	춾
images/img_8735.png	춿
images/img_8736.png	췀
images/img_8737.png	췁
images/img_8738.png	췂
images/img_8739.png	췃
images/img_8740.png	췄
images/img_8741.png	췅
images/img_8742.png	췆
images/img_8743.png	췇
images/img_8744.png	췈
images/img_8745.png	췉
images/img_8746.png	췊
images/img_8747.png	췋
images/img_8748.png	췌
images/img_8749.png	췍
images/img_8750.png	췎
images/img_8751.png	췏
images/img_8752.png	췐
images/img_8753.png	췑
images/img_8754.png	췒
images/img_8755.png	췓
images/img_8756.png	췔
images/img_8757.png	췕
images/img_8758.png	췖
images/img_8759.png	췗
images/img_8760.png	췘
images/img_8761.png	췙
images/img_8762.png	췚
images/img_8763.png	췛
images/img_8764.png	췜
images/img_8765.png	췝
images/img_8766.png	췞
images/img_8767.png	췟
images/img_8768.png	췠
images/img_8769.png	췡
images/img_8770.png	췢
images/img_8771.png	췣
images/img_8772.png	췤
images/img_8773.png	췥
images/img_8774.png	췦
images/img_8775.png	췧
images/img_8776.png	취
images/img_8777.png	췩
images/img_8778.png	췪
images/img_8779.png	췫
images/img_8780.png	췬
images/img_8781.png	췭
images/img_8782.png	췮
images/img_8783.png	췯
images/img_8784.png	췰
images/img_8785.png	췱
images/img_8786.png	췲
images/img_8787.png	췳
images/img_8788.png	췴
images/img_8789.png	췵
images/img_8790.png	췶
images/img_8791.png	췷
images/img_8792.png	췸
images/img_8793.png	췹
images/img_8794.png	췺
images/img_8795.png	췻
images/img_8796.png	췼
images/img_8797.png	췽
images/img_8798.png	췾
images/img_8799.png	췿
images/img_8800.png	츀
images/img_8801.png	츁
images/img_8802.png	츂
images/img_8803.png	츃
images/img_8804.png	츄
images/img_8805.png	츅
images/img_8806.png	츆
images/img_8807.png	츇
images/img_8808.png	츈
images/img_8809.png	츉
images/img_8810.png	츊
images/img_8811.png	츋
images/img_8812.png	츌
images/img_8813.png	츍
images/img_8814.png	츎
images/img_8815.png	츏
images/img_8816.png	츐
images/img_8817.png	츑
images/img_8818.png	츒
images/img_8819.png	츓
images/img_8820.png	츔
images/img_8821.png	츕
images/img_8822.png	츖
images/img_8823.png	츗
images/img_8824.png	츘
images/img_8825.png	츙
images/img_8826.png	츚
images/img_8827.png	츛
images/img_8828.png	츜
images/img_8829.png	츝
images/img_8830.png	츞
images/img_8831.png	츟
images/img_8832.png	츠
images/img_8833.png	측
images/img_8834.png	츢
images/img_8835.png	츣
images/img_8836.png	츤
images/img_8837.png	츥
images/img_8838.png	츦
images/img_8839.png	츧
images/img_8840.png	츨
images/img_8841.png	츩
images/img_8842.png	츪
images/img_8843.png	츫
images/img_8844.png	츬
images/img_8845.png	츭
images/img_8846.png	츮
images/img_8847.png	츯
images/img_8848.png	츰
images/img_8849.png	츱
images/img_8850.png	츲
images/img_8851.png	츳
images/img_8852.png	츴
images/img_8853.png	층
images/img_8854.png	츶
images/img_8855.png	츷
images/img_8856.png	츸
images/img_8857.png	츹
images/img_8858.png	츺
images/img_8859.png	츻
images/img_8860.png	츼
images/img_8861.png	츽
images/img_8862.png	츾
images/img_8863.png	츿
images/img_8864.png	칀
images/img_8865.png	칁
images/img_8866.png	칂
images/img_8867.png	칃
images/img_8868.png	칄
images/img_8869.png	칅
images/img_8870.png	칆
images/img_8871.png	칇
images/img_8872.png	칈
images/img_8873.png	칉
images/img_8874.png	칊
images/img_8875.png	칋
images/img_8876.png	칌
images/img_8877.png	칍
images/img_8878.png	칎
images/img_8879.png	칏
images/img_8880.png	칐
images/img_8881.png	칑
images/img_8882.png	칒
images/img_8883.png	칓
images/img_8884.png	칔
images/img_8885.png	칕
images/img_8886.png	칖
images/img_8887.png	칗
images/img_8888.png	치
images/img_8889.png	칙
images/img_8890.png	칚
images/img_8891.png	칛
images/img_8892.png	친
images/img_8893.png	칝
images/img_8894.png	칞
images/img_8895.png	칟
images/img_8896.png	칠
images/img_8897.png	칡
images/img_8898.png	칢
images/img_8899.png	칣
images/img_8900.png	칤
images/img_8901.png	칥
images/img_8902.png	칦
images/img_8903.png	칧
images/img_8904.png	침
images/img_8905.png	칩
images/img_8906.png	칪
images/img_8907.png	칫
images/img_8908.png	칬
images/img_8909.png	칭
images/img_8910.png	칮
images/img_8911.png	칯
images/img_8912.png	칰
images/img_8913.png	칱
images/img_8914.png	칲
images/img_8915.png	칳
images/img_8916.png	카
images/img_8917.png	칵
images/img_8918.png	칶
images/img_8919.png	칷
images/img_8920.png	칸
images/img_8921.png	칹
images/img_8922.png	칺
images/img_8923.png	칻
images/img_8924.png	칼
images/img_8925.png	칽
images/img_8926.png	칾
images/img_8927.png	칿
images/img_8928.png	캀
images/img_8929.png	캁
images/img_8930.png	캂
images/img_8931.png	캃
images/img_8932.png	캄
images/img_8933.png	캅
images/img_8934.png	캆
images/img_8935.png	캇
images/img_8936.png	캈
images/img_8937.png	캉
images/img_8938.png	캊
images/img_8939.png	캋
images/img_8940.png	캌
images/img_8941.png	캍
images/img_8942.png	캎
images/img_8943.png	캏
images/img_8944.png	캐
images/img_8945.png	캑
images/img_8946.png	캒
images/img_8947.png	캓
images/img_8948.png	캔
images/img_8949.png	캕
images/img_8950.png	캖
images/img_8951.png	캗
images/img_8952.png	캘
images/img_8953.png	캙
images/img_8954.png	캚
images/img_8955.png	캛
images/img_8956.png	캜
images/img_8957.png	캝
images/img_8958.png	캞
images/img_8959.png	캟
images/img_8960.png	캠
images/img_8961.png	캡
images/img_8962.png	캢
images/img_8963.png	캣
images/img_8964.png	캤
images/img_8965.png	캥
images/img_8966.png	캦
images/img_8967.png	캧
images/img_8968.png	캨
images/img_8969.png	캩
images/img_8970.png	캪
images/img_8971.png	캫
images/img_8972.png	캬
images/img_8973.png	캭
images/img_8974.png	캮
images/img_8975.png	캯
images/img_8976.png	캰
images/img_8977.png	캱
images/img_8978.png	캲
images/img_8979.png	캳
images/img_8980.png	캴
images/img_8981.png	캵
images/img_8982.png	캶
images/img_8983.png	캷
images/img_8984.png	캸
images/img_8985.png	캹
images/img_8986.png	캺
images/img_8987.png	캻
images/img_8988.png	캼
images/img_8989.png	캽
images/img_8990.png	캾
images/img_8991.png	캿
images/img_8992.png	컀
images/img_8993.png	컁
images/img_8994.png	컂
images/img_8995.png	컃
images/img_8996.png	컄
images/img_8997.png	컅
images/img_8998.png	컆
images/img_8999.png	컇
images/img_9000.png	컈
images/img_9001.png	컉
images/img_9002.png	컊
images/img_9003.png	컋
images/img_9004.png	컌
images/img_9005.png	컍
images/img_9006.png	컎
images/img_9007.png	컏
images/img_9008.png	컐
images/img_9009.png	컑
images/img_9010.png	컒
images/img_9011.png	컓
images/img_9012.png	컔
images/img_9013.png	컕
images/img_9014.png	컖
images/img_9015.png	컗
images/img_9016.png	컘
images/img_9017.png	컙
images/img_9018.png	컚
images/img_9019.png	컛
images/img_9020.png	컜
images/img_9021.png	컝
images/img_9022.png	컞
images/img_9023.png	컟
images/img_9024.png	컠
images/img_9025.png	컡
images/img_9026.png	컢
images/img_9027.png	컣
images/img_9028.png	커
images/img_9029.png	컥
images/img_9030.png	컦
images/img_9031.png	컧
images/img_9032.png	컨
images/img_9033.png	컩
images/img_9034.png	컪
images/img_9035.png	컫
images/img_9036.png	컬
images/img_9037.png	컭
images/img_9038.png	컮
images/img_9039.png	컯
images/img_9040.png	컰
images/img_9041.png	컱
images/img_9042.png	컲
images/img_9043.png	컳
images/img_9044.png	컴
images/img_9045.png	컵
images/img_9046.png	컶
images/img_9047.png	컷
images/img_9048.png	컸
images/img_9049.png	컹
images/img_9050.png	컺
images/img_9051.png	컻
images/img_9052.png	컼
images/img_9053.png	컽
images/img_9054.png	컾
images/img_9055.png	컿
images/img_9056.png	케
images/img_9057.png	켁
images/img_9058.png	켂
images/img_9059.png	켃
images/img_9060.png	켄
images/img_9061.png	켅
images/img_9062.png	켆
images/img_9063.png	켇
images/img_9064.png	켈
images/img_9065.png	켉
images/img_9066.png	켊
images/img_9067.png	켋
images/img_9068.png	켌
images/img_9069.png	켍
images/img_9070.png	켎
images/img_9071.png	켏
images/img_9072.png	켐
images/img_9073.png	켑
images/img_9074.png	켒
images/img_9075.png	켓
images/img_9076.png	켔
images/img_9077.png	켕
images/img_9078.png	켖
images/img_9079.png	켗
images/img_9080.png	켘
images/img_9081.png	켙
images/img_9082.png	켚
images/img_9083.png	켛
images/img_9084.png	켜
images/img_9085.png	켝
images/img_9086.png	켞
images/img_9087.png	켟
images/img_9088.png	켠
images/img_9089.png	켡
images/img_9090.png	켢
images/img_9091.png	켣
images/img_9092.png	켤
images/img_9093.png	켥
images/img_9094.png	켦
images/img_9095.png	켧
images/img_9096.png	켨
images/img_9097.png	켩
images/img_9098.png	켪
images/img_9099.png	켫
images/img_9100.png	켬
images/img_9101.png	켭
images/img_9102.png	켮
images/img_9103.png	켯
images/img_9104.png	켰
images/img_9105.png	켱
images/img_9106.png	켲
images/img_9107.png	켳
images/img_9108.png	켴
images/img_9109.png	켵
images/img_9110.png	켶
images/img_9111.png	켷
images/img_9112.png	켸
images/img_9113.png	켹
images/img_9114.png	켺
images/img_9115.png	켻
images/img_9116.png	켼
images/img_9117.png	켽
images/img_9118.png	켾
images/img_9119.png	켿
images/img_9120.png	콀
images/img_9121.png	콁
images/img_9122.png	콂
images/img_9123.png	콃
images/img_9124.png	콄
images/img_9125.png	콅
images/img_9126.png	콆
images/img_9127.png	콇
images/img_9128.png	콈
images/img_9129.png	콉
images/img_9130.png	콊
images/img_9131.png	콋
images/img_9132.png	콌
images/img_9133.png	콍
images/img_9134.png	콎
images/img_9135.png	콏
images/img_9136.png	콐
images/img_9137.png	콑
images/img_9138.png	콒
images/img_9139.png	콓
images/img_9140.png	코
images/img_9141.png	콕
images/img_9142.png	콖
images/img_9143.png	콗
images/img_9144.png	콘
images/img_9145.png	콙
images/img_9146.png	콚
images/img_9147.png	콛
images/img_9148.png	콜
images/img_9149.png	콝
images/img_9150.png	콞
images/img_9151.png	콟
images/img_9152.png	콠
images/img_9153.png	콡
images/img_9154.png	콢
images/img_9155.png	콣
images/img_9156.png	콤
images/img_9157.png	콥
images/img_9158.png	콦
images/img_9159.png	콧
images/img_9160.png	콨
images/img_9161.png	콩
images/img_9162.png	콪
images/img_9163.png	콫
images/img_9164.png	콬
images/img_9165.png	콭
images/img_9166.png	콮
images/img_9167.png	콯
images/img_9168.png	콰
images/img_9169.png	콱
images/img_9170.png	콲
images/img_9171.png	콳
images/img_9172.png	콴
images/img_9173.png	콵
images/img_9174.png	콶
images/img_9175.png	콷
images/img_9176.png	콸
images/img_9177.png	콹
images/img_9178.png	콺
images/img_9179.png	콻
images/img_9180.png	콼
images/img_9181.png	콽
images/img_9182.png	콾
images/img_9183.png	콿
images/img_9184.png	쾀
images/img_9185.png	쾁
images/img_9186.png	쾂
images/img_9187.png	쾃
images/img_9188.png	쾄
images/img_9189.png	쾅
images/img_9190.png	쾆
images/img_9191.png	쾇
images/img_9192.png	쾈
images/img_9193.png	쾉
images/img_9194.png	쾊
images/img_9195.png	쾋
images/img_9196.png	쾌
images/img_9197.png	쾍
images/img_9198.png	쾎
images/img_9199.png	쾏
images/img_9200.png	쾐
images/img_9201.png	쾑
images/img_9202.png	쾒
images/img_9203.png	쾓
images/img_9204.png	쾔
images/img_9205.png	쾕
images/img_9206.png	쾖
images/img_9207.png	쾗
images/img_9208.png	쾘
images/img_9209.png	쾙
images/img_9210.png	쾚
images/img_9211.png	쾛
images/img_9212.png	쾜
images/img_9213.png	쾝
images/img_9214.png	쾞
images/img_9215.png	쾟
images/img_9216.png	쾠
images/img_9217.png	쾡
images/img_9218.png	쾢
images/img_9219.png	쾣
images/img_9220.png	쾤
images/img_9221.png	쾥
images/img_9222.png	쾦
images/img_9223.png	쾧
images/img_9224.png	쾨
images/img_9225.png	쾩
images/img_9226.png	쾪
images/img_9227.png	쾫
images/img_9228.png	쾬
images/img_9229.png	쾭
images/img_9230.png	쾮
images/img_9231.png	쾯
images/img_9232.png	쾰
images/img_9233.png	쾱
images/img_9234.png	쾲
images/img_9235.png	쾳
images/img_9236.png	쾴
images/img_9237.png	쾵
images/img_9238.png	쾶
images/img_9239.png	쾷
images/img_9240.png	쾸
images/img_9241.png	쾹
images/img_9242.png	쾺
images/img_9243.png	쾻
images/img_9244.png	쾼
images/img_9245.png	쾽
images/img_9246.png	쾾
images/img_9247.png	쾿
images/img_9248.png	쿀
images/img_9249.png	쿁
images/img_9250.png	쿂
images/img_9251.png	쿃
images/img_9252.png	쿄
images/img_9253.png	쿅
images/img_9254.png	쿆
images/img_9255.png	쿇
images/img_9256.png	쿈
images/img_9257.png	쿉
images/img_9258.png	쿊
images/img_9259.png	쿋
images/img_9260.png	쿌
images/img_9261.png	쿍
images/img_9262.png	쿎
images/img_9263.png	쿏
images/img_9264.png	쿐
images/img_9265.png	쿑
images/img_9266.png	쿒
images/img_9267.png	쿓
images/img_9268.png	쿔
images/img_9269.png	쿕
images/img_9270.png	쿖
images/img_9271.png	쿗
images/img_9272.png	쿘
images/img_9273.png	쿙
images/img_9274.png	쿚
images/img_9275.png	쿛
images/img_9276.png	쿜
images/img_9277.png	쿝
images/img_9278.png	쿞
images/img_9279.png	쿟
images/img_9280.png	쿠
images/img_9281.png	쿡
images/img_9282.png	쿢
images/img_9283.png	쿣
images/img_9284.png	쿤
images/img_9285.png	쿥
images/img_9286.png	쿦
images/img_9287.png	쿧
images/img_9288.png	쿨
images/img_9289.png	쿩
images/img_9290.png	쿪
images/img_9291.png	쿫
images/img_9292.png	쿬
images/img_9293.png	쿭
images/img_9294.png	쿮
images/img_9295.png	쿯
images/img_9296.png	쿰
images/img_9297.png	쿱
images/img_9298.png	쿲
images/img_9299.png	쿳
images/img_9300.png	쿴
images/img_9301.png	쿵
images/img_9302.png	쿶
images/img_9303.png	쿷
images/img_9304.png	쿸
images/img_9305.png	쿹
images/img_9306.png	쿺
images/img_9307.png	쿻
images/img_9308.png	쿼
images/img_9309.png	쿽
images/img_9310.png	쿾
images/img_9311.png	쿿
images/img_9312.png	퀀
images/img_9313.png	퀁
images/img_9314.png	퀂
images/img_9315.png	퀃
images/img_9316.png	퀄
images/img_9317.png	퀅
images/img_9318.png	퀆
images/img_9319.png	퀇
images/img_9320.png	퀈
images/img_9321.png	퀉
images/img_9322.png	퀊
images/img_9323.png	퀋
images/img_9324.png	퀌
images/img_9325.png	퀍
images/img_9326.png	퀎
images/img_9327.png	퀏
images/img_9328.png	퀐
images/img_9329.png	퀑
images/img_9330.png	퀒
images/img_9331.png	퀓
images/img_9332.png	퀔
images/img_9333.png	퀕
images/img_9334.png	퀖
images/img_9335.png	퀗
images/img_9336.png	퀘
images/img_9337.png	퀙
images/img_9338.png	퀚
images/img_9339.png	퀛
images/img_9340.png	퀜
images/img_9341.png	퀝
images/img_9342.png	퀞
images/img_9343.png	퀟
images/img_9344.png	퀠
images/img_9345.png	퀡
images/img_9346.png	퀢
images/img_9347.png	퀣
images/img_9348.png	퀤
images/img_9349.png	퀥
images/img_9350.png	퀦
images/img_9351.png	퀧
images/img_9352.png	퀨
images/img_9353.png	퀩
images/img_9354.png	퀪
images/img_9355.png	퀫
images/img_9356.png	퀬
images/img_9357.png	퀭
images/img_9358.png	퀮
images/img_9359.png	퀯
images/img_9360.png	퀰
images/img_9361.png	퀱
images/img_9362.png	퀲
images/img_9363.png	퀳
images/img_9364.png	퀴
images/img_9365.png	퀵
images/img_9366.png	퀶
images/img_9367.png	퀷
images/img_9368.png	퀸
images/img_9369.png	퀹
images/img_9370.png	퀺
images/img_9371.png	퀻
images/img_9372.png	퀼
images/img_9373.png	퀽
images/img_9374.png	퀾
images/img_9375.png	퀿
images/img_9376.png	큀
images/img_9377.png	큁
images/img_9378.png	큂
images/img_9379.png	큃
images/img_9380.png	큄
images/img_9381.png	큅
images/img_9382.png	큆
images/img_9383.png	큇
images/img_9384.png	큈
images/img_9385.png	큉
images/img_9386.png	큊
images/img_9387.png	큋
images/img_9388.png	큌
images/img_9389.png	큍
images/img_9390.png	큎
images/img_9391.png	큏
images/img_9392.png	큐
images/img_9393.png	큑
images/img_9394.png	큒
images/img_9395.png	큓
images/img_9396.png	큔
images/img_9397.png	큕
images/img_9398.png	큖
images/img_9399.png	큗
images/img_9400.png	큘
images/img_9401.png	큙
images/img_9402.png	큚
images/img_9403.png	큛
images/img_9404.png	큜
images/img_9405.png	큝
images/img_9406.png	큞
images/img_9407.png	큟
images/img_9408.png	큠
images/img_9409.png	큡
images/img_9410.png	큢
images/img_9411.png	큣
images/img_9412.png	큤
images/img_9413.png	큥
images/img_9414.png	큦
images/img_9415.png	큧
images/img_9416.png	큨
images/img_9417.png	큩
images/img_9418.png	큪
images/img_9419.png	큫
images/img_9420.png	크
images/img_9421.png	큭
images/img_9422.png	큮
images/img_9423.png	큯
images/img_9424.png	큰
images/img_9425.png	큱
images/img_9426.png	큲
images/img_9427.png	큳
images/img_9428.png	클
images/img_9429.png	큵
images/img_9430.png	큶
images/img_9431.png	큷
images/img_9432.png	큸
images/img_9433.png	큹
images/img_9434.png	큺
images/img_9435.png	큻
images/img_9436.png	큼
images/img_9437.png	큽
images/img_9438.png	큾
images/img_9439.png	큿
images/img_9440.png	킀
images/img_9441.png	킁
images/img_9442.png	킂
images/img_9443.png	킃
images/img_9444.png	킄
images/img_9445.png	킅
images/img_9446.png	킆
images/img_9447.png	킇
images/img_9448.png	킈
images/img_9449.png	킉
images/img_9450.png	킊
images/img_9451.png	킋
images/img_9452.png	킌
images/img_9453.png	킍
images/img_9454.png	킎
images/img_9455.png	킏
images/img_9456.png	킐
images/img_9457.png	킑
images/img_9458.png	킒
images/img_9459.png	킓
images/img_9460.png	킔
images/img_9461.png	킕
images/img_9462.png	킖
images/img_9463.png	킗
images/img_9464.png	킘
images/img_9465.png	킙
images/img_9466.png	킚
images/img_9467.png	킛
images/img_9468.png	킜
images/img_9469.png	킝
images/img_9470.png	킞
images/img_9471.png	킟
images/img_9472.png	킠
images/img_9473.png	킡
images/img_9474.png	킢
images/img_9475.png	킣
images/img_9476.png	키
images/img_9477.png	킥
images/img_9478.png	킦
images/img_9479.png	킧
images/img_9480.png	킨
images/img_9481.png	킩
images/img_9482.png	킪
images/img_9483.png	킫
images/img_9484.png	킬
images/img_9485.png	킭
images/img_9486.png	킮
images/img_9487.png	킯
images/img_9488.png	킰
images/img_9489.png	킱
images/img_9490.png	킲
images/img_9491.png	킳
images/img_9492.png	킴
images/img_9493.png	킵
images/img_9494.png	킶
images/img_9495.png	킷
images/img_9496.png	킸
images/img_9497.png	킹
images/img_9498.png	킺
images/img_9499.png	킻
images/img_9500.png	킼
images/img_9501.png	킽
images/img_9502.png	킾
images/img_9503.png	킿
images/img_9504.png	타
images/img_9505.png	탁
images/img_9506.png	탂
images/img_9507.png	탃
images/img_9508.png	탄
images/img_9509.png	탅
images/img_9510.png	탆
images/img_9511.png	탇
images/img_9512.png	탈
images/img_9513.png	탉
images/img_9514.png	탊
images/img_9515.png	탋
images/img_9516.png	탌
images/img_9517.png	탍
images/img_9518.png	탎
images/img_9519.png	탏
images/img_9520.png	탐
images/img_9521.png	탑
images/img_9522.png	탒
images/img_9523.png	탓
images/img_9524.png	탔
images/img_9525.png	탕
images/img_9526.png	탖
images/img_9527.png	탗
images/img_9528.png	탘
images/img_9529.png	탙
images/img_9530.png	탚
images/img_9531.png	탛
images/img_9532.png	태
images/img_9533.png	택
images/img_9534.png	탞
images/img_9535.png	탟
images/img_9536.png	탠
images/img_9537.png	탡
images/img_9538.png	탢
images/img_9539.png	탣
images/img_9540.png	탤
images/img_9541.png	탥
images/img_9542.png	탦
images/img_9543.png	탧
images/img_9544.png	탨
images/img_9545.png	탩
images/img_9546.png	탪
images/img_9547.png	탫
images/img_9548.png	탬
images/img_9549.png	탭
images/img_9550.png	탮
images/img_9551.png	탯
images/img_9552.png	탰
images/img_9553.png	탱
images/img_9554.png	탲
images/img_9555.png	탳
images/img_9556.png	탴
images/img_9557.png	탵
images/img_9558.png	탶
images/img_9559.png	탷
images/img_9560.png	탸
images/img_9561.png	탹
images/img_9562.png	탺
images/img_9563.png	탻
images/img_9564.png	탼
images/img_9565.png	탽
images/img_9566.png	탾
images/img_9567.png	탿
images/img_9568.png	턀
images/img_9569.png	턁
images/img_9570.png	턂
images/img_9571.png	턃
images/img_9572.png	턄
images/img_9573.png	턅
images/img_9574.png	턆
images/img_9575.png	턇
images/img_9576.png	턈
images/img_9577.png	턉
images/img_9578.png	턊
images/img_9579.png	턋
images/img_9580.png	턌
images/img_9581.png	턍
images/img_9582.png	턎
images/img_9583.png	턏
images/img_9584.png	턐
images/img_9585.png	턑
images/img_9586.png	턒
images/img_9587.png	턓
images/img_9588.png	턔
images/img_9589.png	턕
images/img_9590.png	턖
images/img_9591.png	턗
images/img_9592.png	턘
images/img_9593.png	턙
images/img_9594.png	턚
images/img_9595.png	턛
images/img_9596.png	턜
images/img_9597.png	턝
images/img_9598.png	턞
images/img_9599.png	턟
images/img_9600.png	턠
images/img_9601.png	턡
images/img_9602.png	턢
images/img_9603.png	턣
images/img_9604.png	턤
images/img_9605.png	턥
images/img_9606.png	턦
images/img_9607.png	턧
images/img_9608.png	턨
images/img_9609.png	턩
images/img_9610.png	턪
images/img_9611.png	턫
images/img_9612.png	턬
images/img_9613.png	턭
images/img_9614.png	턮
images/img_9615.png	턯
images/img_9616.png	터
images/img_9617.png	턱
images/img_9618.png	턲
images/img_9619.png	턳
images/img_9620.png	턴
images/img_9621.png	턵
images/img_9622.png	턶
images/img_9623.png	턷
images/img_9624.png	털
images/img_9625.png	턹
images/img_9626.png	턺
images/img_9627.png	턻
images/img_9628.png	턼
images/img_9629.png	턽
images/img_9630.png	턾
images/img_9631.png	턿
images/img_9632.png	텀
images/img_9633.png	텁
images/img_9634.png	텂
images/img_9635.png	텃
images/img_9636.png	텄
images/img_9637.png	텅
images/img_9638.png	텆
images/img_9639.png	텇
images/img_9640.png	텈
images/img_9641.png	텉
images/img_9642.png	텊
images/img_9643.png	텋
images/img_9644.png	테
images/img_9645.png	텍
images/img_9646.png	텎
images/img_9647.png	텏
images/img_9648.png	텐
images/img_9649.png	텑
images/img_9650.png	텒
images/img_9651.png	텓
images/img_9652.png	텔
images/img_9653.png	텕
images/img_9654.png	텖
images/img_9655.png	텗
images/img_9656.png	텘
images/img_9657.png	텙
images/img_9658.png	텚
images/img_9659.png	텛
images/img_9660.png	템
images/img_9661.png	텝
images/img_9662.png	텞
images/img_9663.png	텟
images/img_9664.png	텠
images/img_9665.png	텡
images/img_9666.png	텢
images/img_9667.png	텣
images/img_9668.png	텤
images/img_9669.png	텥
images/img_9670.png	텦
images/img_9671.png	텧
images/img_9672.png	텨
images/img_9673.png	텩
images/img_9674.png	텪
images/img_9675.png	텫
images/img_9676.png	텬
images/img_9677.png	텭
images/img_9678.png	텮
images/img_9679.png	텯
images/img_9680.png	텰
images/img_9681.png	텱
images/img_9682.png	텲
images/img_9683.png	텳
images/img_9684.png	텴
images/img_9685.png	텵
images/img_9686.png	텶
images/img_9687.png	텷
images/img_9688.png	텸
images/img_9689.png	텹
images/img_9690.png	텺
images/img_9691.png	텻
images/img_9692.png	텼
images/img_9693.png	텽
images/img_9694.png	텾
images/img_9695.png	텿
images/img_9696.png	톀
images/img_9697.png	톁
images/img_9698.png	톂
images/img_9699.png	톃
images/img_9700.png	톄
images/img_9701.png	톅
images/img_9702.png	톆
images/img_9703.png	톇
images/img_9704.png	톈
images/img_9705.png	톉
images/img_9706.png	톊
images/img_9707.png	톋
images/img_9708.png	톌
images/img_9709.png	톍
images/img_9710.png	톎
images/img_9711.png	톏
images/img_9712.png	톐
images/img_9713.png	톑
images/img_9714.png	톒
images/img_9715.png	톓
images/img_9716.png	톔
images/img_9717.png	톕
images/img_9718.png	톖
images/img_9719.png	톗
images/img_9720.png	톘
images/img_9721.png	톙
images/img_9722.png	톚
images/img_9723.png	톛
images/img_9724.png	톜
images/img_9725.png	톝
images/img_9726.png	톞
images/img_9727.png	톟
images/img_9728.png	토
images/img_9729.png	톡
images/img_9730.png	톢
images/img_9731.png	톣
images/img_9732.png	톤
images/img_9733.png	톥
images/img_9734.png	톦
images/img_9735.png	톧
images/img_9736.png	톨
images/img_9737.png	톩
images/img_9738.png	톪
images/img_9739.png	톫
images/img_9740.png	톬
images/img_9741.png	톭
images/img_9742.png	톮
images/img_9743.png	톯
images/img_9744.png	톰
images/img_9745.png	톱
images/img_9746.png	톲
images/img_9747.png	톳
images/img_9748.png	톴
images/img_9749.png	통
images/img_9750.png	톶
images/img_9751.png	톷
images/img_9752.png	톸
images/img_9753.png	톹
images/img_9754.png	톺
images/img_9755.png	톻
images/img_9756.png	톼
images/img_9757.png	톽
images/img_9758.png	톾
images/img_9759.png	톿
images/img_9760.png	퇀
images/img_9761.png	퇁
images/img_9762.png	퇂
images/img_9763.png	퇃
images/img_9764.png	퇄
images/img_9765.png	퇅
images/img_9766.png	퇆
images/img_9767.png	퇇
images/img_9768.png	퇈
images/img_9769.png	퇉
images/img_9770.png	퇊
images/img_9771.png	퇋
images/img_9772.png	퇌
images/img_9773.png	퇍
images/img_9774.png	퇎
images/img_9775.png	퇏
images/img_9776.png	퇐
images/img_9777.png	퇑
images/img_9778.png	퇒
images/img_9779.png	퇓
images/img_9780.png	퇔
images/img_9781.png	퇕
images/img_9782.png	퇖
images/img_9783.png	퇗
images/img_9784.png	퇘
images/img_9785.png	퇙
images/img_9786.png	퇚
images/img_9787.png	퇛
images/img_9788.png	퇜
images/img_9789.png	퇝
images/img_9790.png	퇞
images/img_9791.png	퇟
images/img_9792.png	퇠
images/img_9793.png	퇡
images/img_9794.png	퇢
images/img_9795.png	퇣
images/img_9796.png	퇤
images/img_9797.png	퇥
images/img_9798.png	퇦
images/img_9799.png	퇧
images/img_9800.png	퇨
images/img_9801.png	퇩
images/img_9802.png	퇪
images/img_9803.png	퇫
images/img_9804.png	퇬
images/img_9805.png	퇭
images/img_9806.png	퇮
images/img_9807.png	퇯
images/img_9808.png	퇰
images/img_9809.png	퇱
images/img_9810.png	퇲
images/img_9811.png	퇳
images/img_9812.png	퇴
images/img_9813.png	퇵
images/img_9814.png	퇶
images/img_9815.png	퇷
images/img_9816.png	퇸
images/img_9817.png	퇹
images/img_9818.png	퇺
images/img_9819.png	퇻
images/img_9820.png	퇼
images/img_9821.png	퇽
images/img_9822.png	퇾
images/img_9823.png	퇿
images/img_9824.png	툀
images/img_9825.png	툁
images/img_9826.png	툂
images/img_9827.png	툃
images/img_9828.png	툄
images/img_9829.png	툅
images/img_9830.png	툆
images/img_9831.png	툇
images/img_9832.png	툈
images/img_9833.png	툉
images/img_9834.png	툊
images/img_9835.png	툋
images/img_9836.png	툌
images/img_9837.png	툍
images/img_9838.png	툎
images/img_9839.png	툏
images/img_9840.png	툐
images/img_9841.png	툑
images/img_9842.png	툒
images/img_9843.png	툓
images/img_9844.png	툔
images/img_9845.png	툕
images/img_9846.png	툖
images/img_9847.png	툗
images/img_9848.png	툘
images/img_9849.png	툙
images/img_9850.png	툚
images/img_9851.png	툛
images/img_9852.png	툜
images/img_9853.png	툝
images/img_9854.png	툞
images/img_9855.png	툟
images/img_9856.png	툠
images/img_9857.png	툡
images/img_9858.png	툢
images/img_9859.png	툣
images/img_9860.png	툤
images/img_9861.png	툥
images/img_9862.png	툦
images/img_9863.png	툧
images/img_9864.png	툨
images/img_9865.png	툩
images/img_9866.png	툪
images/img_9867.png	툫
images/img_9868.png	투
images/img_9869.png	툭
images/img_9870.png	툮
images/img_9871.png	툯
images/img_9872.png	툰
images/img_9873.png	툱
images/img_9874.png	툲
images/img_9875.png	툳
images/img_9876.png	툴
images/img_9877.png	툵
images/img_9878.png	툶
images/img_9879.png	툷
images/img_9880.png	툸
images/img_9881.png	툹
images/img_9882.png	툺
images/img_9883.png	툻
images/img_9884.png	툼
images/img_9885.png	툽
images/img_9886.png	툾
images/img_9887.png	툿
images/img_9888.png	퉀
images/img_9889.png	퉁
images/img_9890.png	퉂
images/img_9891.png	퉃
images/img_9892.png	퉄
images/img_9893.png	퉅
images/img_9894.png	퉆
images/img_9895.png	퉇
images/img_9896.png	퉈
images/img_9897.png	퉉
images/img_9898.png	퉊
images/img_9899.png	퉋
images/img_9900.png	퉌
images/img_9901.png	퉍
images/img_9902.png	퉎
images/img_9903.png	퉏
images/img_9904.png	퉐
images/img_9905.png	퉑
images/img_9906.png	퉒
images/img_9907.png	퉓
images/img_9908.png	퉔
images/img_9909.png	퉕
images/img_9910.png	퉖
images/img_9911.png	퉗
images/img_9912.png	퉘
images/img_9913.png	퉙
images/img_9914.png	퉚
images/img_9915.png	퉛
images/img_9916.png	퉜
images/img_9917.png	퉝
images/img_9918.png	퉞
images/img_9919.png	퉟
images/img_9920.png	퉠
images/img_9921.png	퉡
images/img_9922.png	퉢
images/img_9923.png	퉣
images/img_9924.png	퉤
images/img_9925.png	퉥
images/img_9926.png	퉦
images/img_9927.png	퉧
images/img_9928.png	퉨
images/img_9929.png	퉩
images/img_9930.png	퉪
images/img_9931.png	퉫
images/img_9932.png	퉬
images/img_9933.png	퉭
images/img_9934.png	퉮
images/img_9935.png	퉯
images/img_9936.png	퉰
images/img_9937.png	퉱
images/img_9938.png	퉲
images/img_9939.png	퉳
images/img_9940.png	퉴
images/img_9941.png	퉵
images/img_9942.png	퉶
images/img_9943.png	퉷
images/img_9944.png	퉸
images/img_9945.png	퉹
images/img_9946.png	퉺
images/img_9947.png	퉻
images/img_9948.png	퉼
images/img_9949.png	퉽
images/img_9950.png	퉾
images/img_9951.png	퉿
images/img_9952.png	튀
images/img_9953.png	튁
images/img_9954.png	튂
images/img_9955.png	튃
images/img_9956.png	튄
images/img_9957.png	튅
images/img_9958.png	튆
images/img_9959.png	튇
images/img_9960.png	튈
images/img_9961.png	튉
images/img_9962.png	튊
images/img_9963.png	튋
images/img_9964.png	튌
images/img_9965.png	튍
images/img_9966.png	튎
images/img_9967.png	튏
images/img_9968.png	튐
images/img_9969.png	튑
images/img_9970.png	튒
images/img_9971.png	튓
images/img_9972.png	튔
images/img_9973.png	튕
images/img_9974.png	튖
images/img_9975.png	튗
images/img_9976.png	튘
images/img_9977.png	튙
images/img_9978.png	튚
images/img_9979.png	튛
images/img_9980.png	튜
images/img_9981.png	튝
images/img_9982.png	튞
images/img_9983.png	튟
images/img_9984.png	튠
images/img_9985.png	튡
images/img_9986.png	튢
images/img_9987.png	튣
images/img_9988.png	튤
images/img_9989.png	튥
images/img_9990.png	튦
images/img_9991.png	튧
images/img_9992.png	튨
images/img_9993.png	튩
images/img_9994.png	튪
images/img_9995.png	튫
images/img_9996.png	튬
images/img_9997.png	튭
images/img_9998.png	튮
images/img_9999.png	튯
images/img_10000.png	튰
images/img_10001.png	튱
images/img_10002.png	튲
images/img_10003.png	튳
images/img_10004.png	튴
images/img_10005.png	튵
images/img_10006.png	튶
images/img_10007.png	튷
images/img_10008.png	트
images/img_10009.png	특
images/img_10010.png	튺
images/img_10011.png	튻
images/img_10012.png	튼
images/img_10013.png	튽
images/img_10014.png	튾
images/img_10015.png	튿
images/img_10016.png	틀
images/img_10017.png	틁
images/img_10018.png	틂
images/img_10019.png	틃
images/img_10020.png	틄
images/img_10021.png	틅
images/img_10022.png	틆
images/img_10023.png	틇
images/img_10024.png	틈
images/img_10025.png	틉
images/img_10026.png	틊
images/img_10027.png	틋
images/img_10028.png	틌
images/img_10029.png	틍
images/img_10030.png	틎
images/img_10031.png	틏
images/img_10032.png	틐
images/img_10033.png	틑
images/img_10034.png	틒
images/img_10035.png	틓
images/img_10036.png	틔
images/img_10037.png	틕
images/img_10038.png	틖
images/img_10039.png	틗
images/img_10040.png	틘
images/img_10041.png	틙
images/img_10042.png	틚
images/img_10043.png	틛
images/img_10044.png	틜
images/img_10045.png	틝
images/img_10046.png	틞
images/img_10047.png	틟
images/img_10048.png	틠
images/img_10049.png	틡
images/img_10050.png	틢
images/img_10051.png	틣
images/img_10052.png	틤
images/img_10053.png	틥
images/img_10054.png	틦
images/img_10055.png	틧
images/img_10056.png	틨
images/img_10057.png	틩
images/img_10058.png	틪
images/img_10059.png	틫
images/img_10060.png	틬
images/img_10061.png	틭
images/img_10062.png	틮
images/img_10063.png	틯
images/img_10064.png	티
images/img_10065.png	틱
images/img_10066.png	틲
images/img_10067.png	틳
images/img_10068.png	틴
images/img_10069.png	틵
images/img_10070.png	틶
images/img_10071.png	틷
images/img_10072.png	틸
images/img_10073.png	틹
images/img_10074.png	틺
images/img_10075.png	틻
images/img_10076.png	틼
images/img_10077.png	틽
images/img_10078.png	틾
images/img_10079.png	틿
images/img_10080.png	팀
images/img_10081.png	팁
images/img_10082.png	팂
images/img_10083.png	팃
images/img_10084.png	팄
images/img_10085.png	팅
images/img_10086.png	팆
images/img_10087.png	팇
images/img_10088.png	팈
images/img_10089.png	팉
images/img_10090.png	팊
images/img_10091.png	팋
images/img_10092.png	파
images/img_10093.png	팍
images/img_10094.png	팎
images/img_10095.png	팏
images/img_10096.png	판
images/img_10097.png	팑
images/img_10098.png	팒
images/img_10099.png	팓
images/img_10100.png	팔
images/img_10101.png	팕
images/img_10102.png	팖
images/img_10103.png	팗
images/img_10104.png	팘
images/img_10105.png	팙
images/img_10106.png	팚
images/img_10107.png	팛
images/img_10108.png	팜
images/img_10109.png	팝
images/img_10110.png	팞
images/img_10111.png	팟
images/img_10112.png	팠
images/img_10113.png	팡
images/img_10114.png	팢
images/img_10115.png	팣
images/img_10116.png	팤
images/img_10117.png	팥
images/img_10118.png	팦
images/img_10119.png	팧
images/img_10120.png	패
images/img_10121.png	팩
images/img_10122.png	팪
images/img_10123.png	팫
images/img_10124.png	팬
images/img_10125.png	팭
images/img_10126.png	팮
images/img_10127.png	팯
images/img_10128.png	팰
images/img_10129.png	팱
images/img_10130.png	팲
images/img_10131.png	팳
images/img_10132.png	팴
images/img_10133.png	팵
images/img_10134.png	팶
images/img_10135.png	팷
images/img_10136.png	팸
images/img_10137.png	팹
images/img_10138.png	팺
images/img_10139.png	팻
images/img_10140.png	팼
images/img_10141.png	팽
images/img_10142.png	팾
images/img_10143.png	팿
images/img_10144.png	퍀
images/img_10145.png	퍁
images/img_10146.png	퍂
images/img_10147.png	퍃
images/img_10148.png	퍄
images/img_10149.png	퍅
images/img_10150.png	퍆
images/img_10151.png	퍇
images/img_10152.png	퍈
images/img_10153.png	퍉
images/img_10154.png	퍊
images/img_10155.png	퍋
images/img_10156.png	퍌
images/img_10157.png	퍍
images/img_10158.png	퍎
images/img_10159.png	퍏
images/img_10160.png	퍐
images/img_10161.png	퍑
images/img_10162.png	퍒
images/img_10163.png	퍓
images/img_10164.png	퍔
images/img_10165.png	퍕
images/img_10166.png	퍖
images/img_10167.png	퍗
images/img_10168.png	퍘
images/img_10169.png	퍙
images/img_10170.png	퍚
images/img_10171.png	퍛
images/img_10172.png	퍜
images/img_10173.png	퍝
images/img_10174.png	퍞
images/img_10175.png	퍟
images/img_10176.png	퍠
images/img_10177.png	퍡
images/img_10178.png	퍢
images/img_10179.png	퍣
images/img_10180.png	퍤
images/img_10181.png	퍥
images/img_10182.png	퍦
images/img_10183.png	퍧
images/img_10184.png	퍨
images/img_10185.png	퍩
images/img_10186.png	퍪
images/img_10187.png	퍫
images/img_10188.png	퍬
images/img_10189.png	퍭
images/img_10190.png	퍮
images/img_10191.png	퍯
images/img_10192.png	퍰
images/img_10193.png	퍱
images/img_10194.png	퍲
images/img_10195.png	퍳
images/img_10196.png	퍴
images/img_10197.png	퍵
images/img_10198.png	퍶
images/img_10199.png	퍷
images/img_10200.png	퍸
images/img_10201.png	퍹
images/img_10202.png	퍺
images/img_10203.png	퍻
images/img_10204.png	퍼
images/img_10205.png	퍽
images/img_10206.png	퍾
images/img_10207.png	퍿
images/img_10208.png	펀
images/img_10209.png	펁
images/img_10210.png	펂
images/img_10211.png	펃
images/img_10212.png	펄
images/img_10213.png	펅
images/img_10214.png	펆
images/img_10215.png	펇
images/img_10216.png	펈
images/img_10217.png	펉
images/img_10218.png	펊
images/img_10219.png	펋
images/img_10220.png	펌
images/img_10221.png	펍
images/img_10222.png	펎
images/img_10223.png	펏
images/img_10224.png	펐
images/img_10225.png	펑
images/img_10226.png	펒
images/img_10227.png	펓
images/img_10228.png	펔
images/img_10229.png	펕
images/img_10230.png	펖
images/img_10231.png	펗
images/img_10232.png	페
images/img_10233.png	펙
images/img_10234.png	펚
images/img_10235.png	펛
images/img_10236.png	펜
images/img_10237.png	펝
images/img_10238.png	펞
images/img_10239.png	펟
images/img_10240.png	펠
images/img_10241.png	펡
images/img_10242.png	펢
images/img_10243.png	펣
images/img_10244.png	펤
images/img_10245.png	펥
images/img_10246.png	펦
images/img_10247.png	펧
images/img_10248.png	펨
images/img_10249.png	펩
images/img_10250.png	펪
images/img_10251.png	펫
images/img_10252.png	펬
images/img_10253.png	펭
images/img_10254.png	펮
images/img_10255.png	펯
images/img_10256.png	펰
images/img_10257.png	펱
images/img_10258.png	펲
images/img_10259.png	펳
images/img_10260.png	펴
images/img_10261.png	펵
images/img_10262.png	펶
images/img_10263.png	펷
images/img_10264.png	편
images/img_10265.png	펹
images/img_10266.png	펺
images/img_10267.png	펻
images/img_10268.png	펼
images/img_10269.png	펽
images/img_10270.png	펾
images/img_10271.png	펿
images/img_10272.png	폀
images/img_10273.png	폁
images/img_10274.png	폂
images/img_10275.png	폃
images/img_10276.png	폄
images/img_10277.png	폅
images/img_10278.png	폆
images/img_10279.png	폇
images/img_10280.png	폈
images/img_10281.png	평
images/img_10282.png	폊
images/img_10283.png	폋
images/img_10284.png	폌
images/img_10285.png	폍
images/img_10286.png	폎
images/img_10287.png	폏
images/img_10288.png	폐
images/img_10289.png	폑
images/img_10290.png	폒
images/img_10291.png	폓
images/img_10292.png	폔
images/img_10293.png	폕
images/img_10294.png	폖
images/img_10295.png	폗
images/img_10296.png	폘
images/img_10297.png	폙
images/img_10298.png	폚
images/img_10299.png	폛
images/img_10300.png	폜
images/img_10301.png	폝
images/img_10302.png	폞
images/img_10303.png	폟
images/img_10304.png	폠
images/img_10305.png	폡
images/img_10306.png	폢
images/img_10307.png	폣
images/img_10308.png	폤
images/img_10309.png	폥
images/img_10310.png	폦
images/img_10311.png	폧
images/img_10312.png	폨
images/img_10313.png	폩
images/img_10314.png	폪
images/img_10315.png	폫
images/img_10316.png	포
images/img_10317.png	폭
images/img_10318.png	폮
images/img_10319.png	폯
images/img_10320.png	폰
images/img_10321.png	폱
images/img_10322.png	폲
images/img_10323.png	폳
images/img_10324.png	폴
images/img_10325.png	폵
images/img_10326.png	폶
images/img_10327.png	폷
images/img_10328.png	폸
images/img_10329.png	폹
images/img_10330.png	폺
images/img_10331.png	폻
images/img_10332.png	폼
images/img_10333.png	폽
images/img_10334.png	폾
images/img_10335.png	폿
images/img_10336.png	퐀
images/img_10337.png	퐁
images/img_10338.png	퐂
images/img_10339.png	퐃
images/img_10340.png	퐄
images/img_10341.png	퐅
images/img_10342.png	퐆
images/img_10343.png	퐇
images/img_10344.png	퐈
images/img_10345.png	퐉
images/img_10346.png	퐊
images/img_10347.png	퐋
images/img_10348.png	퐌
images/img_10349.png	퐍
images/img_10350.png	퐎
images/img_10351.png	퐏
images/img_10352.png	퐐
images/img_10353.png	퐑
images/img_10354.png	퐒
images/img_10355.png	퐓
images/img_10356.png	퐔
images/img_10357.png	퐕
images/img_10358.png	퐖
images/img_10359.png	퐗
images/img_10360.png	퐘
images/img_10361.png	퐙
images/img_10362.png	퐚
images/img_10363.png	퐛
images/img_10364.png	퐜
images/img_10365.png	퐝
images/img_10366.png	퐞
images/img_10367.png	퐟
images/img_10368.png	퐠
images/img_10369.png	퐡
images/img_10370.png	퐢
images/img_10371.png	퐣
images/img_10372.png	퐤
images/img_10373.png	퐥
images/img_10374.png	퐦
images/img_10375.png	퐧
images/img_10376.png	퐨
images/img_10377.png	퐩
images/img_10378.png	퐪
images/img_10379.png	퐫
images/img_10380.png	퐬
images/img_10381.png	퐭
images/img_10382.png	퐮
images/img_10383.png	퐯
images/img_10384.png	퐰
images/img_10385.png	퐱
images/img_10386.png	퐲
images/img_10387.png	퐳
images/img_10388.png	퐴
images/img_10389.png	퐵
images/img_10390.png	퐶
images/img_10391.png	퐷
images/img_10392.png	퐸
images/img_10393.png	퐹
images/img_10394.png	퐺
images/img_10395.png	퐻
images/img_10396.png	퐼
images/img_10397.png	퐽
images/img_10398.png	퐾
images/img_10399.png	퐿
images/img_10400.png	푀
images/img_10401.png	푁
images/img_10402.png	푂
images/img_10403.png	푃
images/img_10404.png	푄
images/img_10405.png	푅
images/img_10406.png	푆
images/img_10407.png	푇
images/img_10408.png	푈
images/img_10409.png	푉
images/img_10410.png	푊
images/img_10411.png	푋
images/img_10412.png	푌
images/img_10413.png	푍
images/img_10414.png	푎
images/img_10415.png	푏
images/img_10416.png	푐
images/img_10417.png	푑
images/img_10418.png	푒
images/img_10419.png	푓
images/img_10420.png	푔
images/img_10421.png	푕
images/img_10422.png	푖
images/img_10423.png	푗
images/img_10424.png	푘
images/img_10425.png	푙
images/img_10426.png	푚
images/img_10427.png	푛
images/img_10428.png	표
images/img_10429.png	푝
images/img_10430.png	푞
images/img_10431.png	푟
images/img_10432.png	푠
images/img_10433.png	푡
images/img_10434.png	푢
images/img_10435.png	푣
images/img_10436.png	푤
images/img_10437.png	푥
images/img_10438.png	푦
images/img_10439.png	푧
images/img_10440.png	푨
images/img_10441.png	푩
images/img_10442.png	푪
images/img_10443.png	푫
images/img_10444.png	푬
images/img_10445.png	푭
images/img_10446.png	푮
images/img_10447.png	푯
images/img_10448.png	푰
images/img_10449.png	푱
images/img_10450.png	푲
images/img_10451.png	푳
images/img_10452.png	푴
images/img_10453.png	푵
images/img_10454.png	푶
images/img_10455.png	푷
images/img_10456.png	푸
images/img_10457.png	푹
images/img_10458.png	푺
images/img_10459.png	푻
images/img_10460.png	푼
images/img_10461.png	푽
images/img_10462.png	푾
images/img_10463.png	푿
images/img_10464.png	풀
images/img_10465.png	풁
images/img_10466.png	풂
images/img_10467.png	풃
images/img_10468.png	풄
images/img_10469.png	풅
images/img_10470.png	풆
images/img_10471.png	풇
images/img_10472.png	품
images/img_10473.png	풉
images/img_10474.png	풊
images/img_10475.png	풋
images/img_10476.png	풌
images/img_10477.png	풍
images/img_10478.png	풎
images/img_10479.png	풏
images/img_10480.png	풐
images/img_10481.png	풑
images/img_10482.png	풒
images/img_10483.png	풓
images/img_10484.png	풔
images/img_10485.png	풕
images/img_10486.png	풖
images/img_10487.png	풗
images/img_10488.png	풘
images/img_10489.png	풙
images/img_10490.png	풚
images/img_10491.png	풛
images/img_10492.png	풜
images/img_10493.png	풝
images/img_10494.png	풞
images/img_10495.png	풟
images/img_10496.png	풠
images/img_10497.png	풡
images/img_10498.png	풢
images/img_10499.png	풣
images/img_10500.png	풤
images/img_10501.png	풥
images/img_10502.png	풦
images/img_10503.png	풧
images/img_10504.png	풨
images/img_10505.png	풩
images/img_10506.png	풪
images/img_10507.png	풫
images/img_10508.png	풬
images/img_10509.png	풭
images/img_10510.png	풮
images/img_10511.png	풯
images/img_10512.png	풰
images/img_10513.png	풱
images/img_10514.png	풲
images/img_10515.png	풳
images/img_10516.png	풴
images/img_10517.png	풵
images/img_10518.png	풶
images/img_10519.png	풷
images/img_10520.png	풸
images/img_10521.png	풹
images/img_10522.png	풺
images/img_10523.png	풻
images/img_10524.png	풼
images/img_10525.png	풽
images/img_10526.png	풾
images/img_10527.png	풿
images/img_10528.png	퓀
images/img_10529.png	퓁
images/img_10530.png	퓂
images/img_10531.png	퓃
images/img_10532.png	퓄
images/img_10533.png	퓅
images/img_10534.png	퓆
images/img_10535.png	퓇
images/img_10536.png	퓈
images/img_10537.png	퓉
images/img_10538.png	퓊
images/img_10539.png	퓋
images/img_10540.png	퓌
images/img_10541.png	퓍
images/img_10542.png	퓎
images/img_10543.png	퓏
images/img_10544.png	퓐
images/img_10545.png	퓑
images/img_10546.png	퓒
images/img_10547.png	퓓
images/img_10548.png	퓔
images/img_10549.png	퓕
images/img_10550.png	퓖
images/img_10551.png	퓗
images/img_10552.png	퓘
images/img_10553.png	퓙
images/img_10554.png	퓚
images/img_10555.png	퓛
images/img_10556.png	퓜
images/img_10557.png	퓝
images/img_10558.png	퓞
images/img_10559.png	퓟
images/img_10560.png	퓠
images/img_10561.png	퓡
images/img_10562.png	퓢
images/img_10563.png	퓣
images/img_10564.png	퓤
images/img_10565.png	퓥
images/img_10566.png	퓦
images/img_10567.png	퓧
images/img_10568.png	퓨
images/img_10569.png	퓩
images/img_10570.png	퓪
images/img_10571.png	퓫
images/img_10572.png	퓬
images/img_10573.png	퓭
images/img_10574.png	퓮
images/img_10575.png	퓯
images/img_10576.png	퓰
images/img_10577.png	퓱
images/img_10578.png	퓲
images/img_10579.png	퓳
images/img_10580.png	퓴
images/img_10581.png	퓵
images/img_10582.png	퓶
images/img_10583.png	퓷
images/img_10584.png	퓸
images/img_10585.png	퓹
images/img_10586.png	퓺
images/img_10587.png	퓻
images/img_10588.png	퓼
images/img_10589.png	퓽
images/img_10590.png	퓾
images/img_10591.png	퓿
images/img_10592.png	픀
images/img_10593.png	픁
images/img_10594.png	픂
images/img_10595.png	픃
images/img_10596.png	프
images/img_10597.png	픅
images/img_10598.png	픆
images/img_10599.png	픇
images/img_10600.png	픈
images/img_10601.png	픉
images/img_10602.png	픊
images/img_10603.png	픋
images/img_10604.png	플
images/img_10605.png	픍
images/img_10606.png	픎
images/img_10607.png	픏
images/img_10608.png	픐
images/img_10609.png	픑
images/img_10610.png	픒
images/img_10611.png	픓
images/img_10612.png	픔
images/img_10613.png	픕
images/img_10614.png	픖
images/img_10615.png	픗
images/img_10616.png	픘
images/img_10617.png	픙
images/img_10618.png	픚
images/img_10619.png	픛
images/img_10620.png	픜
images/img_10621.png	픝
images/img_10622.png	픞
images/img_10623.png	픟
images/img_10624.png	픠
images/img_10625.png	픡
images/img_10626.png	픢
images/img_10627.png	픣
images/img_10628.png	픤
images/img_10629.png	픥
images/img_10630.png	픦
images/img_10631.png	픧
images/img_10632.png	픨
images/img_10633.png	픩
images/img_10634.png	픪
images/img_10635.png	픫
images/img_10636.png	픬
images/img_10637.png	픭
images/img_10638.png	픮
images/img_10639.png	픯
images/img_10640.png	픰
images/img_10641.png	픱
images/img_10642.png	픲
images/img_10643.png	픳
images/img_10644.png	픴
images/img_10645.png	픵
images/img_10646.png	픶
images/img_10647.png	픷
images/img_10648.png	픸
images/img_10649.png	픹
images/img_10650.png	픺
images/img_10651.png	픻
images/img_10652.png	피
images/img_10653.png	픽
images/img_10654.png	픾
images/img_10655.png	픿
images/img_10656.png	핀
images/img_10657.png	핁
images/img_10658.png	핂
images/img_10659.png	핃
images/img_10660.png	필
images/img_10661.png	핅
images/img_10662.png	핆
images/img_10663.png	핇
images/img_10664.png	핈
images/img_10665.png	핉
images/img_10666.png	핊
images/img_10667.png	핋
images/img_10668.png	핌
images/img_10669.png	핍
images/img_10670.png	핎
images/img_10671.png	핏
images/img_10672.png	핐
images/img_10673.png	핑
images/img_10674.png	핒
images/img_10675.png	핓
images/img_10676.png	핔
images/img_10677.png	핕
images/img_10678.png	핖
images/img_10679.png	핗
images/img_10680.png	하
images/img_10681.png	학
images/img_10682.png	핚
images/img_10683.png	핛
images/img_10684.png	한
images/img_10685.png	핝
images/img_10686.png	핞
images/img_10687.png	핟
images/img_10688.png	할
images/img_10689.png	핡
images/img_10690.png	핢
images/img_10691.png	핣
images/img_10692.png	핤
images/img_10693.png	핥
images/img_10694.png	핦
images/img_10695.png	핧
images/img_10696.png	함
images/img_10697.png	합
images/img_10698.png	핪
images/img_10699.png	핫
images/img_10700.png	핬
images/img_10701.png	항
images/img_10702.png	핮
images/img_10703.png	핯
images/img_10704.png	핰
images/img_10705.png	핱
images/img_10706.png	핲
images/img_10707.png	핳
images/img_10708.png	해
images/img_10709.png	핵
images/img_10710.png	핶
images/img_10711.png	핷
images/img_10712.png	핸
images/img_10713.png	핹
images/img_10714.png	핺
images/img_10715.png	핻
images/img_10716.png	핼
images/img_10717.png	핽
images/img_10718.png	핾
images/img_10719.png	핿
images/img_10720.png	햀
images/img_10721.png	햁
images/img_10722.png	햂
images/img_10723.png	햃
images/img_10724.png	햄
images/img_10725.png	햅
images/img_10726.png	햆
images/img_10727.png	햇
images/img_10728.png	했
images/img_10729.png	행
images/img_10730.png	햊
images/img_10731.png	햋
images/img_10732.png	햌
images/img_10733.png	햍
images/img_10734.png	햎
images/img_10735.png	햏
images/img_10736.png	햐
images/img_10737.png	햑
images/img_10738.png	햒
images/img_10739.png	햓
images/img_10740.png	햔
images/img_10741.png	햕
images/img_10742.png	햖
images/img_10743.png	햗
images/img_10744.png	햘
images/img_10745.png	햙
images/img_10746.png	햚
images/img_10747.png	햛
images/img_10748.png	햜
images/img_10749.png	햝
images/img_10750.png	햞
images/img_10751.png	햟
images/img_10752.png	햠
images/img_10753.png	햡
images/img_10754.png	햢
images/img_10755.png	햣
images/img_10756.png	햤
images/img_10757.png	향
images/img_10758.png	햦
images/img_10759.png	햧
images/img_10760.png	햨
images/img_10761.png	햩
images/img_10762.png	햪
images/img_10763.png	햫
images/img_10764.png	햬
images/img_10765.png	햭
images/img_10766.png	햮
images/img_10767.png	햯
images/img_10768.png	햰
images/img_10769.png	햱
images/img_10770.png	햲
images/img_10771.png	햳
images/img_10772.png	햴
images/img_10773.png	햵
images/img_10774.png	햶
images/img_10775.png	햷
images/img_10776.png	햸
images/img_10777.png	햹
images/img_10778.png	햺
images/img_10779.png	햻
images/img_10780.png	햼
images/img_10781.png	햽
images/img_10782.png	햾
images/img_10783.png	햿
images/img_10784.png	헀
images/img_10785.png	헁
images/img_10786.png	헂
images/img_10787.png	헃
images/img_10788.png	헄
images/img_10789.png	헅
images/img_10790.png	헆
images/img_10791.png	헇
images/img_10792.png	허
images/img_10793.png	헉
images/img_10794.png	헊
images/img_10795.png	헋
images/img_10796.png	헌
images/img_10797.png	헍
images/img_10798.png	헎
images/img_10799.png	헏
images/img_10800.png	헐
images/img_10801.png	헑
images/img_10802.png	헒
images/img_10803.png	헓
images/img_10804.png	헔
images/img_10805.png	헕
images/img_10806.png	헖
images/img_10807.png	헗
images/img_10808.png	험
images/img_10809.png	헙
images/img_10810.png	헚
images/img_10811.png	헛
images/img_10812.png	헜
images/img_10813.png	헝
images/img_10814.png	헞
images/img_10815.png	헟
images/img_10816.png	헠
images/img_10817.png	헡
images/img_10818.png	헢
images/img_10819.png	헣
images/img_10820.png	헤
images/img_10821.png	헥
images/img_10822.png	헦
images/img_10823.png	헧
images/img_10824.png	헨
images/img_10825.png	헩
images/img_10826.png	헪
images/img_10827.png	헫
images/img_10828.png	헬
images/img_10829.png	헭
images/img_10830.png	헮
images/img_10831.png	헯
images/img_10832.png	헰
images/img_10833.png	헱
images/img_10834.png	헲
images/img_10835.png	헳
images/img_10836.png	헴
images/img_10837.png	헵
images/img_10838.png	헶
images/img_10839.png	헷
images/img_10840.png	헸
images/img_10841.png	헹
images/img_10842.png	헺
images/img_10843.png	헻
images/img_10844.png	헼
images/img_10845.png	헽
images/img_10846.png	헾
images/img_10847.png	헿
images/img_10848.png	혀
images/img_10849.png	혁
images/img_10850.png	혂
images/img_10851.png	혃
images/img_10852.png	현
images/img_10853.png	혅
images/img_10854.png	혆
images/img_10855.png	혇
images/img_10856.png	혈
images/img_10857.png	혉
images/img_10858.png	혊
images/img_10859.png	혋
images/img_10860.png	혌
images/img_10861.png	혍
images/img_10862.png	혎
images/img_10863.png	혏
images/img_10864.png	혐
images/img_10865.png	협
images/img_10866.png	혒
images/img_10867.png	혓
images/img_10868.png	혔
images/img_10869.png	형
images/img_10870.png	혖
images/img_10871.png	혗
images/img_10872.png	혘
images/img_10873.png	혙
images/img_10874.png	혚
images/img_10875.png	혛
images/img_10876.png	혜
images/img_10877.png	혝
images/img_10878.png	혞
images/img_10879.png	혟
images/img_10880.png	혠
images/img_10881.png	혡
images/img_10882.png	혢
images/img_10883.png	혣
images/img_10884.png	혤
images/img_10885.png	혥
images/img_10886.png	혦
images/img_10887.png	혧
images/img_10888.png	혨
images/img_10889.png	혩
images/img_10890.png	혪
images/img_10891.png	혫
images/img_10892.png	혬
images/img_10893.png	혭
images/img_10894.png	혮
images/img_10895.png	혯
images/img_10896.png	혰
images/img_10897.png	혱
images/img_10898.png	혲
images/img_10899.png	혳
images/img_10900.png	혴
images/img_10901.png	혵
images/img_10902.png	혶
images/img_10903.png	혷
images/img_10904.png	호
images/img_10905.png	혹
images/img_10906.png	혺
images/img_10907.png	혻
images/img_10908.png	혼
images/img_10909.png	혽
images/img_10910.png	혾
images/img_10911.png	혿
images/img_10912.png	홀
images/img_10913.png	홁
images/img_10914.png	홂
images/img_10915.png	홃
images/img_10916.png	홄
images/img_10917.png	홅
images/img_10918.png	홆
images/img_10919.png	홇
images/img_10920.png	홈
images/img_10921.png	홉
images/img_10922.png	홊
images/img_10923.png	홋
images/img_10924.png	홌
images/img_10925.png	홍
images/img_10926.png	홎
images/img_10927.png	홏
images/img_10928.png	홐
images/img_10929.png	홑
images/img_10930.png	홒
images/img_10931.png	홓
images/img_10932.png	화
images/img_10933.png	확
images/img_10934.png	홖
images/img_10935.png	홗
images/img_10936.png	환
images/img_10937.png	홙
images/img_10938.png	홚
images/img_10939.png	홛
images/img_10940.png	활
images/img_10941.png	홝
images/img_10942.png	홞
images/img_10943.png	홟
images/img_10944.png	홠
images/img_10945.png	홡
images/img_10946.png	홢
images/img_10947.png	홣
images/img_10948.png	홤
images/img_10949.png	홥
images/img_10950.png	홦
images/img_10951.png	홧
images/img_10952.png	홨
images/img_10953.png	황
images/img_10954.png	홪
images/img_10955.png	홫
images/img_10956.png	홬
images/img_10957.png	홭
images/img_10958.png	홮
images/img_10959.png	홯
images/img_10960.png	홰
images/img_10961.png	홱
images/img_10962.png	홲
images/img_10963.png	홳
images/img_10964.png	홴
images/img_10965.png	홵
images/img_10966.png	홶
images/img_10967.png	홷
images/img_10968.png	홸
images/img_10969.png	홹
images/img_10970.png	홺
images/img_10971.png	홻
images/img_10972.png	홼
images/img_10973.png	홽
images/img_10974.png	홾
images/img_10975.png	홿
images/img_10976.png	횀
images/img_10977.png	횁
images/img_10978.png	횂
images/img_10979.png	횃
images/img_10980.png	횄
images/img_10981.png	횅
images/img_10982.png	횆
images/img_10983.png	횇
images/img_10984.png	횈
images/img_10985.png	횉
images/img_10986.png	횊
images/img_10987.png	횋
images/img_10988.png	회
images/img_10989.png	획
images/img_10990.png	횎
images/img_10991.png	횏
images/img_10992.png	횐
images/img_10993.png	횑
images/img_10994.png	횒
images/img_10995.png	횓
images/img_10996.png	횔
images/img_10997.png	횕
images/img_10998.png	횖
images/img_10999.png	횗
images/img_11000.png	횘
images/img_11001.png	횙
images/img_11002.png	횚
images/img_11003.png	횛
images/img_11004.png	횜
images/img_11005.png	횝
images/img_11006.png	횞
images/img_11007.png	횟
images/img_11008.png	횠
images/img_11009.png	횡
images/img_11010.png	횢
images/img_11011.png	횣
images/img_11012.png	횤
images/img_11013.png	횥
images/img_11014.png	횦
images/img_11015.png	횧
images/img_11016.png	효
images/img_11017.png	횩
images/img_11018.png	횪
images/img_11019.png	횫
images/img_11020.png	횬
images/img_11021.png	횭
images/img_11022.png	횮
images/img_11023.png	횯
images/img_11024.png	횰
images/img_11025.png	횱
images/img_11026.png	횲
images/img_11027.png	횳
images/img_11028.png	횴
images/img_11029.png	횵
images/img_11030.png	횶
images/img_11031.png	횷
images/img_11032.png	횸
images/img_11033.png	횹
images/img_11034.png	횺
images/img_11035.png	횻
images/img_11036.png	횼
images/img_11037.png	횽
images/img_11038.png	횾
images/img_11039.png	횿
images/img_11040.png	훀
images/img_11041.png	훁
images/img_11042.png	훂
images/img_11043.png	훃
images/img_11044.png	후
images/img_11045.png	훅
images/img_11046.png	훆
images/img_11047.png	훇
images/img_11048.png	훈
images/img_11049.png	훉
images/img_11050.png	훊
images/img_11051.png	훋
images/img_11052.png	훌
images/img_11053.png	훍
images/img_11054.png	훎
images/img_11055.png	훏
images/img_11056.png	훐
images/img_11057.png	훑
images/img_11058.png	훒
images/img_11059.png	훓
images/img_11060.png	훔
images/img_11061.png	훕
images/img_11062.png	훖
images/img_11063.png	훗
images/img_11064.png	훘
images/img_11065.png	훙
images/img_11066.png	훚
images/img_11067.png	훛
images/img_11068.png	훜
images/img_11069.png	훝
images/img_11070.png	훞
images/img_11071.png	훟
images/img_11072.png	훠
images/img_11073.png	훡
images/img_11074.png	훢
images/img_11075.png	훣
images/img_11076.png	훤
images/img_11077.png	훥
images/img_11078.png	훦
images/img_11079.png	훧
images/img_11080.png	훨
images/img_11081.png	훩
images/img_11082.png	훪
images/img_11083.png	훫
images/img_11084.png	훬
images/img_11085.png	훭
images/img_11086.png	훮
images/img_11087.png	훯
images/img_11088.png	훰
images/img_11089.png	훱
images/img_11090.png	훲
images/img_11091.png	훳
images/img_11092.png	훴
images/img_11093.png	훵
images/img_11094.png	훶
images/img_11095.png	훷
images/img_11096.png	훸
images/img_11097.png	훹
images/img_11098.png	훺
images/img_11099.png	훻
images/img_11100.png	훼
images/img_11101.png	훽
images/img_11102.png	훾
images/img_11103.png	훿
images/img_11104.png	휀
images/img_11105.png	휁
images/img_11106.png	휂
images/img_11107.png	휃
images/img_11108.png	휄
images/img_11109.png	휅
images/img_11110.png	휆
images/img_11111.png	휇
images/img_11112.png	휈
images/img_11113.png	휉
images/img_11114.png	휊
images/img_11115.png	휋
images/img_11116.png	휌
images/img_11117.png	휍
images/img_11118.png	휎
images/img_11119.png	휏
images/img_11120.png	휐
images/img_11121.png	휑
images/img_11122.png	휒
images/img_11123.png	휓
images/img_11124.png	휔
images/img_11125.png	휕
images/img_11126.png	휖
images/img_11127.png	휗
images/img_11128.png	휘
images/img_11129.png	휙
images/img_11130.png	휚
images/img_11131.png	휛
images/img_11132.png	휜
images/img_11133.png	휝
images/img_11134.png	휞
images/img_11135.png	휟
images/img_11136.png	휠
images/img_11137.png	휡
images/img_11138.png	휢
images/img_11139.png	휣
images/img_11140.png	휤
images/img_11141.png	휥
images/img_11142.png	휦
images/img_11143.png	휧
images/img_11144.png	휨
images/img_11145.png	휩
images/img_11146.png	휪
images/img_11147.png	휫
images/img_11148.png	휬
images/img_11149.png	휭
images/img_11150.png	휮
images/img_11151.png	휯
images/img_11152.png	휰
images/img_11153.png	휱
images/img_11154.png	휲
images/img_11155.png	휳
images/img_11156.png	휴
images/img_11157.png	휵
images/img_11158.png	휶
images/img_11159.png	휷
images/img_11160.png	휸
images/img_11161.png	휹
images/img_11162.png	휺
images/img_11163.png	휻
images/img_11164.png	휼
images/img_11165.png	휽
images/img_11166.png	휾
images/img_11167.png	휿
images/img_11168.png	흀
images/img_11169.png	흁
images/img_11170.png	흂
images/img_11171.png	흃
images/img_11172.png	흄
images/img_11173.png	흅
images/img_11174.png	흆
images/img_11175.png	흇
images/img_11176.png	흈
images/img_11177.png	흉
images/img_11178.png	흊
images/img_11179.png	흋
images/img_11180.png	흌
images/img_11181.png	흍
images/img_11182.png	흎
images/img_11183.png	흏
images/img_11184.png	흐
images/img_11185.png	흑
images/img_11186.png	흒
images/img_11187.png	흓
images/img_11188.png	흔
images/img_11189.png	흕
images/img_11190.png	흖
images/img_11191.png	흗
images/img_11192.png	흘
images/img_11193.png	흙
images/img_11194.png	흚
images/img_11195.png	흛
images/img_11196.png	흜
images/img_11197.png	흝
images/img_11198.png	흞
images/img_11199.png	흟
images/img_11200.png	흠
images/img_11201.png	흡
images/img_11202.png	흢
images/img_11203.png	흣
images/img_11204.png	흤
images/img_11205.png	흥
images/img_11206.png	흦
images/img_11207.png	흧
images/img_11208.png	흨
images/img_11209.png	흩
images/img_11210.png	흪
images/img_11211.png	흫
images/img_11212.png	희
images/img_11213.png	흭
images/img_11214.png	흮
images/img_11215.png	흯
images/img_11216.png	흰
images/img_11217.png	흱
images/img_11218.png	흲
images/img_11219.png	흳
images/img_11220.png	흴
images/img_11221.png	흵
images/img_11222.png	흶
images/img_11223.png	흷
images/img_11224.png	흸
images/img_11225.png	흹
images/img_11226.png	흺
images/img_11227.png	흻
images/img_11228.png	흼
images/img_11229.png	흽
images/img_11230.png	흾
images/img_11231.png	흿
images/img_11232.png	힀
images/img_11233.png	힁
images/img_11234.png	힂
images/img_11235.png	힃
images/img_11236.png	힄
images/img_11237.png	힅
images/img_11238.png	힆
images/img_11239.png	힇
images/img_11240.png	히
images/img_11241.png	힉
images/img_11242.png	힊
images/img_11243.png	힋
images/img_11244.png	힌
images/img_11245.png	힍
images/img_11246.png	힎
images/img_11247.png	힏
images/img_11248.png	힐
images/img_11249.png	힑
images/img_11250.png	힒
images/img_11251.png	힓
images/img_11252.png	힔
images/img_11253.png	힕
images/img_11254.png	힖
images/img_11255.png	힗
images/img_11256.png	힘
images/img_11257.png	힙
images/img_11258.png	힚
images/img_11259.png	힛
images/img_11260.png	힜
images/img_11261.png	힝
images/img_11262.png	힞
images/img_11263.png	힟
images/img_11264.png	힠
images/img_11265.png	힡
images/img_11266.png	힢
images/img_11267.png	힣
